Products,Products,Products,Products,Products,Products,Products
Code,Name,Category,Rent,MRP,Purchase Price,Qty
FROCK-11,Rainbow frock,Frock,250.00,0.00,0.00,8
CINE-42,Red velvet myme dress,Cinematic,500.00,0.00,0.00,10
SEMI-51,Orange Marroon skirt cross frill saree type,Semi Classical,1000.00,0.00,0.00,10
TOP-83,Black velvet Bahubali,Top,125.00,0.00,0.00,12
OCT-57,Black gold heavy Jacket,Overcoat,200.00,0.00,0.00,16
SKTP-126,Black Red Gujarathi,Skirt Top,800.00,0.00,0.00,10
SKTP-125,White black border folk,Skirt Top,500.00,0.00,0.00,1
SKTP-124,Offwhite/Red black border folk,Skirt Top,500.00,0.00,0.00,1
SKTP-123,Vadamulla orange folk,Skirt Top,500.00,0.00,0.00,1
SKTP-122,Kilipacha Majenta folk,Skirt Top,500.00,0.00,0.00,1
TOP-82,Thiruvathira Red,Top,125.00,0.00,0.00,10
TOP-81,Thiruvathira Green,Top,125.00,0.00,0.00,10
SEMI-50,Plain green skirt BH,Semi Classical,700.00,0.00,0.00,1
SEMI-49,Ravana set KG,Semi Classical,500.00,0.00,0.00,7
SEMI-48,Yellow net pant dawani,Semi Classical,350.00,0.00,0.00,5
SEMI-47,Peacock blue,Semi Classical,600.00,0.00,0.00,2
SEMI-46,Green Red,Semi Classical,600.00,0.00,0.00,2
SEMI-45,Royal blue red,Semi Classical,600.00,0.00,0.00,2
CINE-41,Blue oant Blue Seq top,Cinematic,350.00,0.00,0.00,10
SKIRT-90,Slit Yellow red,Skirt,175.00,0.00,0.00,12
SKIRT-89,Slit skirt blue green,Skirt,175.00,0.00,0.00,12
SKIRT-88,White net with silver seq,Skirt,250.00,0.00,0.00,7
SKIRT-87,White BH skirt,Skirt,300.00,0.00,0.00,10
TOP-80,Green seq velvet blouse,Skirt Top,100.00,0.00,0.00,10
TOP-79,White minukku cloth,Top,100.00,0.00,0.00,7
KAT-17,Majenta net,Katak,350.00,0.00,0.00,7
KAT-16,Red full set,Katak,350.00,0.00,0.00,8
PANT-75,"Vada,ulla small seq",Pant,200.00,0.00,0.00,11
CROWN-46,Rubber crown,Property,100.00,0.00,0.00,1
MASK-11,Horror mask with wig,Property,150.00,0.00,0.00,1
OCT-56,Majenta Big Seq,Overcoat,125.00,0.00,0.00,4
OCT-55,Black multi colour seq,Overcoat,125.00,0.00,0.00,3
CCT-36,Majenta Seq,Chest coat,100.00,0.00,0.00,12
CCT-35,Red Seq ,Chest coat,100.00,0.00,0.00,12
CCT-34,Vadamulla chest coat,Chest coat,75.00,0.00,0.00,4
CCT-33,Wine colour velvet,Chest coat,100.00,0.00,0.00,5
CCT-32,Purple chest coat,Chest coat,75.00,0.00,0.00,8
CCT-31,Baby pink SEq,Chest coat,75.00,0.00,0.00,10
CCT-30,Kilipacha Seq,Chest coat,75.00,0.00,0.00,5
SKTP-121,White Mayolpeeli skirt,Skirt Top,600.00,0.00,0.00,7
SKTP-120,Black orange folk,Skirt Top,500.00,0.00,0.00,1
KAT-15,Majenta net,Katak,300.00,0.00,0.00,8
KAT-14,Red anarkali,Katak,375.00,0.00,0.00,8
SKTP-119,Black mirror skirt,Skirt Top,400.00,0.00,0.00,7
SKTP-118,Majenta mirror work small,Skirt Top,400.00,0.00,0.00,6
SKTP-117,Black cotton orange print border and stripes,Skirt Top,450.00,0.00,0.00,1
SKTP-116,Orange cotton blue/green piping,Skirt Top,400.00,0.00,0.00,1
SKTP-115,Black cotton yellow print 3 layer border,Skirt Top,400.00,0.00,0.00,1
SKTP-114,Black mundu white red border with shawl,Skirt Top,375.00,0.00,0.00,1
SKTP-113,White cotton red/black lace with shawl,Skirt Top,375.00,0.00,0.00,1
PARTS-63SF,Majenta velvet print SF,Parts,50.00,0.00,0.00,12
PARTS-63BS,Majenta velvet print BS,Parts,100.00,0.00,0.00,12
PARTS-63HS,Majenta velvet print HS,Parts,100.00,0.00,0.00,12
PARTS-62SF,Majenta brocade SF,Parts,50.00,0.00,0.00,5
PARTS-62BS,Majenta brocade BS,Parts,100.00,0.00,0.00,5
PARTS-62HS,Majenta brocade HS,Parts,100.00,0.00,0.00,5
OCT-54,Green gold sequence full sleeve,Overcoat,250.00,0.00,0.00,10
SKIRT-86,Black silver thread and sequence,Skirt,300.00,0.00,0.00,4
SKIRT-85,Black cotton orange flower skirt,Skirt,300.00,0.00,0.00,12
SKIRT-84,"White skirt (tube work),Gold border",Skirt,350.00,0.00,0.00,13
CCT-29,Violet Sequence,Chest coat,100.00,0.00,0.00,8
CCT-28,Purple velvet sequence,Chest coat,100.00,0.00,0.00,5
CCT-27,Majenta thick small sequence,Chest coat,100.00,0.00,0.00,4
LINGAM-1,Siva lingam light weight black,Property,400.00,0.00,0.00,1
THEYYAM-2,Theyyam vatta mudi small,Property,400.00,0.00,0.00,2
TREE-2,Tree cutout big with stand,Property,350.00,0.00,0.00,1
PALLAKKU-1,Pallakku,Property,500.00,0.00,0.00,1
NETTIPATTAM-1,Nettipattam small,Property,75.00,0.00,0.00,7
MAYILPEELI-1,Mayilpeeli wings tie at back,Property,300.00,0.00,0.00,2
KALAPPA-1,Kalappa,Property,100.00,0.00,0.00,1
THEYYAM-1,Theyyam big vatta mudi,Property,600.00,0.00,0.00,1
TREE-1,Tree cutout cardboard,Property,150.00,0.00,0.00,1
STICK-7,Stick,Property,50.00,0.00,0.00,3
POOKOODA-5,Gold paint small pookooda,Property,75.00,0.00,0.00,2
MURAM-4,Nellu koriyidunna muram,Property,200.00,0.00,0.00,1
KUTTA-6,Kashmiri kutta,Property,150.00,0.00,0.00,1
HANDBELT-2,Hip tying belt with hand,Property,150.00,0.00,0.00,1
SKULLMALA-2,Skull mala plastic,Property,75.00,0.00,0.00,5
HEAD-2,Head green paint/white paint,Property,100.00,0.00,0.00,2
GADHA-3,Gadha gold new,Property,200.00,0.00,0.00,2
HANDCUFF-2,"For hand,leg,head",Property,275.00,0.00,0.00,1
HANDCUFF-1,For hands on;y,Property,75.00,0.00,0.00,2
HAND-1,Bhadrakali hand-6,Property,300.00,0.00,0.00,1
CAP-17,Tricolour cap,Property,75.00,0.00,0.00,2
KOODU-1,Thatha koodu,Property,100.00,0.00,0.00,5
RANTHAL-2,Small ranthal,Property,75.00,0.00,0.00,2
RANTHAL-1,Big ranthal,Property,150.00,0.00,0.00,1
KUTTA-8,Kutta for pookari,Property,100.00,0.00,0.00,1
KUTTA-7,Kutta with cover lid,Property,100.00,0.00,0.00,1
CROWN-45,B;ack cardboard simple,Property,50.00,0.00,0.00,7
CROWN-44,Yellow red rain drop arch,Property,75.00,0.00,0.00,16
CROWN-43,Sponge centre crown/thick yellow stone,Property,100.00,0.00,0.00,10
CROWN-42,White pearl blue rain drop,Property,75.00,0.00,0.00,8
CROWN-41,White stone/ blue green beeds,Property,75.00,0.00,0.00,7
CROWN-40,Silver kudam type,Property,75.00,0.00,0.00,14
CROWN-39,White pearl/green raindrop round,Property,75.00,0.00,0.00,8
CROWN-38,White stone with red raindrop ,Property,100.00,0.00,0.00,10
CROWN-37,Ravana Crown,Property,300.00,0.00,0.00,1
STICK-6,Dhandiya Stick,Property,25.00,0.00,0.00,30
SKTP-112,Majenta Rajasthani skirt blue blouse shawl Adult,Skirt Top,750.00,0.00,0.00,10
SKTP-111,Majenta Rajasthani skirt blue blouse shawl new,Skirt Top,600.00,0.00,0.00,10
TOP-78,White brocade choli blouse,Top,125.00,0.00,0.00,12
TOP-77,Black brocade choli blouse,Top,0.00,0.00,0.00,12
SHAWL-45,Yellow dot net shawl with border,Shawl,50.00,0.00,0.00,10
SHAWL-44,Red dot net shawl with border,Shawl,50.00,0.00,0.00,11
SHAWL-43,Green net(Lili pacha),Shawl,30.00,0.00,0.00,8
SHAWL-42,Long gold net with border,Shawl,50.00,0.00,0.00,12
SHAWL-41,Gold with stone border,Shawl,30.00,0.00,0.00,10
TOP-76,White/Green Oppana top,Top,150.00,0.00,0.00,10
TOP-75,White/ Red oppana top,Top,150.00,0.00,0.00,10
BHN-38/64,Mehandi green & majenta,Bharathanattyam,800.00,0.00,0.00,1
BHN-38/7,Blue/Majenta Beeding Type,Bharathanattyam,500.00,0.00,0.00,1
BHN-38/14,Blue/Red Beeding type,Bharathanattyam,500.00,0.00,0.00,1
BHN-38/63,Green Marroon saree,Bharathanattyam,1200.00,0.00,0.00,1
OCT-53,Blue velvet Gold Lace Full Sleeve,Overcoat,250.00,0.00,0.00,1
SEMI-44,Green dot saree model Red top,Semi Classical,700.00,0.00,0.00,10
SEMI-43,Full black dot saree model,Semi Classical,700.00,0.00,0.00,10
BHN-36/9,Red Gold,Bharathanattyam,500.00,0.00,0.00,1
BHN-24/14,Red Gold,Bharathanattyam,500.00,0.00,0.00,1
BHN-24/13,Kilipacha Red,Bharathanattyam,500.00,0.00,0.00,1
BHN-24/12,Dark Green Majenta,Bharathanattyam,500.00,0.00,0.00,1
BHN-24/11,Skyblue /Majenta,Bharathanattyam,800.00,0.00,0.00,1
BHN-32/9,Orange-Majenta,Bharathanattyam,450.00,0.00,0.00,1
BHN-32/13,Chenkal colour / violet very old,Bharathanattyam,300.00,0.00,0.00,1
SEMI-42,Black satin silver seq Nagam dress,Semi Classical,700.00,0.00,0.00,3
PARTS-50LF,Yellow Cotton check,Parts,75.00,0.00,0.00,10
PARTS-50HS,Yellow Cotton Check,Parts,75.00,0.00,0.00,10
PARTS-61SF,Orange Tissue brocade SF,Parts,50.00,0.00,0.00,5
PARTS-61BS,Orange Tissue brocade BS,Parts,75.00,0.00,0.00,3
PARTS-61HS,Orange Tissue brocade HS,Parts,75.00,0.00,0.00,10
SKTP-110,Fanta net seq skirt black multi seq top,Skirt Top,400.00,0.00,0.00,12
SKIRT-10,White skirt tube work gold border,Skirt,350.00,0.00,0.00,10
PARTS-60SF,Red Manichithrathazhu SF,Parts,75.00,0.00,0.00,12
PARTS-60LF,Red Manichithrathazhu LF,Parts,150.00,0.00,0.00,12
PARTS-60BS,Red Manichithrathazhu BS,Parts,125.00,0.00,0.00,12
PARTS-60HS,Red Manichithrathazhu HS,Parts,125.00,0.00,0.00,12
CINE-40,Black apple cloth dhothi pant  with green black bl,Cinematic,300.00,0.00,0.00,8
CINE-39,Black apple cloth dhothi pant red border balck blo,Cinematic,300.00,0.00,0.00,13
PANT-74,Kavi pant,Pant,100.00,0.00,0.00,13
PANT-73,Neriyathu pant dhothi model,Pant,125.00,0.00,0.00,10
PANT-72,Majenta brocade pant shawl Krishna,Pant,200.00,0.00,0.00,8
PANT-71,Yellow brocade pant shawl krishna,Pant,200.00,0.00,0.00,8
PANT-70,Red brocade pant shawl Krishna,Pant,200.00,0.00,0.00,8
PANT-69,Copper sulphate blue brocade pant shawl krishna,Pant,200.00,0.00,0.00,8
PANT-68,Black folk pant only,Pant,250.00,0.00,0.00,1
PARTS-59HS,Black manichithrathazhu HS,Parts,100.00,0.00,0.00,6
PARTS-58BS,Blue big seq back seat,Parts,75.00,0.00,0.00,2
PARTS-57LF,Silver chest coat long fan,Parts,75.00,0.00,0.00,5
PARTS-57BS,Silver chest coat back seat,Parts,50.00,0.00,0.00,10
PARTS-57HS,Silver chest coat hals saree,Parts,75.00,0.00,0.00,5
OCT-52,White silver round design sleeveless coat,Overcoat,75.00,0.00,0.00,4
OCT-51,Blue tikky sleeveless coat,Overcoat,75.00,0.00,0.00,7
OCT-50,White silver seq sleeveless overcoat,Overcoat,125.00,0.00,0.00,2
CINE-38,Yellow full sleeve top orange/blue patiyala,Cinematic,300.00,0.00,0.00,8
CINE-37,Silver top green seq shorts pant,Cinematic,250.00,0.00,0.00,1
CINE-36,Orange top & pant satin,Cinematic,200.00,0.00,0.00,8
CINE-35,Black green top & pant for boys,Cinematic,300.00,0.00,0.00,1
CINE-34,Long chudi top pant sleevless jacket turban kerchi,Cinematic,450.00,0.00,0.00,16
CINE-33,Long chudi top & Patiyala pant satin,Cinematic,275.00,0.00,0.00,8
TOP-74,Gold full sleeve long top,Top,125.00,0.00,0.00,6
TOP-73,Neriyathu blouse puff sleeve,Top,100.00,0.00,0.00,12
SEMI-41,Yellow satin/blue dhothi Manichithra thazhu semi,Semi Classical,400.00,0.00,0.00,12
SKTP-109,Majent multi seq tutu skirt top,Skirt Top,250.00,0.00,0.00,10
SKTP-108,Kavi skirt/Black border black blouse,Skirt Top,300.00,0.00,0.00,4
SKTP-107,Red mund/white border black or white blouse,Skirt Top,400.00,0.00,0.00,3
SKTP-106,Yellow mix color flower skirt Green blouse,Skirt Top,350.00,0.00,0.00,1
SKTP-105,Red white border skirt black blouse,Skirt Top,300.00,0.00,0.00,2
SKTP-104,Red skirt blue border Red blouse,Skirt Top,300.00,0.00,0.00,1
SKTP-103,White skirt blue border blue blouse,Skirt Top,300.00,0.00,0.00,1
SKTP-102,Yellow skirt violet border violet blouse,Skirt Top,300.00,0.00,0.00,1
SKTP-101,White skirt/b;lack red border black blouse,Skirt Top,350.00,0.00,0.00,1
SKTP-100,Orange thattu skirt Orange blouse,Skirt Top,300.00,0.00,0.00,1
SKTP-99,Red/White polka dot skirt Red blouse,Skirt Top,300.00,0.00,0.00,1
SKTP-98,Blue chunkidi skirtyellow border blue blouse,Skirt Top,300.00,0.00,0.00,1
SKTP-97,Blue/White flowerwhite round blouse,Skirt Top,400.00,0.00,0.00,1
SKTP-96,White/blue yellow round skirt Red dot blouse,Skirt Top,350.00,0.00,0.00,1
SKTP-95,White/Blue yellow round skirt blue dot blouse,Skirt Top,350.00,0.00,0.00,1
SKTP-94,Black yellow Majenta big flower skirt yellow blous,Skirt Top,350.00,0.00,0.00,1
SKTP-93,Red blue big flower skirt blue blouse,Skirt Top,350.00,0.00,0.00,2
SKTP-92,Blue yellow mix big flower skirt blue blouse,Skirt Top,350.00,0.00,0.00,2
SKTP-91,Peacock blue white small flower skirt blue blouse,Skirt Top,350.00,0.00,0.00,1
SKTP-90,Yellow/Blue Merroon dot blue blouse,Skirt Top,300.00,0.00,0.00,2
SKTP-89,Merroon Yellow small flower Merroon blouse,Skirt Top,350.00,0.00,0.00,1
SKTP-88,Majenta/yellow green flower Green blouse,Skirt Top,400.00,0.00,0.00,2
SKTP-87,Majenta chunkidi yellow border blouse folk,Skirt Top,350.00,0.00,0.00,2
SKTP-86,Yellow white dot red dot green blouse,Skirt Top,400.00,0.00,0.00,2
SKTP-85,Red/White  Dot Gree yellow border Red blouse,Skirt Top,300.00,0.00,0.00,3
SKTP-84,Green white dot green blouse folk & Shawl,Skirt Top,300.00,0.00,0.00,1
PARTS-56SF,Red OM design,Parts,50.00,0.00,0.00,2
PARTS-56LF,Red OM design,Parts,75.00,0.00,0.00,3
PARTS-56BS,Red OM design,Parts,75.00,0.00,0.00,3
PARTS-56HS,Red OM design,Parts,75.00,0.00,0.00,3
PARTS-55SF,Yellow velvet self design,Parts,75.00,0.00,0.00,10
PARTS-55BS,Yellow velvet self design,Parts,75.00,0.00,0.00,10
PARTS-55HS,Yellow velvet self design,Parts,75.00,0.00,0.00,10
PARTS-54BS,Blue velvet flower design ,Parts,100.00,0.00,0.00,3
PARTS-54HS,Blue velvet flower design,Parts,125.00,0.00,0.00,10
PARTS-53BS,Green velvet sequence,Parts,100.00,0.00,0.00,7
PARTS-53SF,Green velvet sequence,Parts,75.00,0.00,0.00,7
PARTS-53HS,Green velvet sequence,Parts,100.00,0.00,0.00,7
CINE-32,Black tikky dhothi pant & kids top,Cinematic,200.00,0.00,0.00,5
PANT-67,Yello net /Gold lace border,Pant,125.00,0.00,0.00,1
PANT-66,Majenta net patiyala with blue gold seq border,Pant,150.00,0.00,0.00,4
SKIRT-83,Sky blue dot net majenta velvet border ,Skirt,200.00,0.00,0.00,10
SKIRT-82,Red net gold seq border,Skirt,200.00,0.00,0.00,14
TOP-72,Off whiteflower design long top,Top,100.00,0.00,0.00,6
TOP-71,Red white polka dot top,Top,100.00,0.00,0.00,3
TOP-70,Black puff sleevesmall top,Top,100.00,0.00,0.00,15
TOP-69,Green brocade puff short top,Top,125.00,0.00,0.00,12
TOP-68,Gold puff sleeve long top,Top,100.00,0.00,0.00,10
TOP-67,Full plain blackLong top,Top,125.00,0.00,0.00,12
TOP-66,Gold satin sleeveless top king,Top,100.00,0.00,0.00,7
OCT-49,Red seq gold border sleeveless coat,Overcoat,100.00,0.00,0.00,5
OCT-48,Orange seq short sleeve shirt,Overcoat,125.00,0.00,0.00,12
OCT-47,White silver small seq coat KG size,Overcoat,75.00,0.00,0.00,14
OCT-46,White silver small se sleeveless overcoat,Overcoat,125.00,0.00,0.00,10
OCT-45,White silver big seq sleeveless coat,Overcoat,150.00,0.00,0.00,12
SEMI-40,White pleated pant & saree net dot no blouse,Semi Classical,1000.00,0.00,0.00,10
SKTP-13,Black red dot kids,Skirt Top,275.00,0.00,0.00,9
SKTP-83,Black silver peach sequence,Skirt Top,275.00,0.00,0.00,10
PARTS-48LF,Black plain & seq velvet mix long fan only,Parts,150.00,0.00,0.00,1
PARTS-45LF,Majenta net round design border,Parts,100.00,0.00,0.00,17
PARTS-47BS,"	Light Orange with orange round seq border",Parts,75.00,0.00,0.00,9
PARTS-45SF,Majenta net round design border,Parts,75.00,0.00,0.00,9
PARTS-52LF,Black Velvet Seq LF,Parts,100.00,0.00,0.00,10
PARTS-51HS,Merroon Velvet Kacha,Parts,100.00,0.00,0.00,12
PARTS-51LF,Merroon Velvet Kachs LF,Parts,100.00,0.00,0.00,12
PARTS-51BS,Merroon Velvet Kacha BS,Parts,100.00,0.00,0.00,12
SEMI-39,Dark Blue Light Blue check saree semi,Semi Classical,1200.00,0.00,0.00,10
SEMI-38,Green Blue check mode; semi,Semi Classical,1200.00,0.00,0.00,10
SEMI-37,Violet Majenta Saree model semi,Semi Classical,1250.00,0.00,0.00,7
SKIRT-81,Lavender light violet Tutu Skirt,Skirt,175.00,0.00,0.00,15
SKIRT-80,Pink Polka dot tutu skirt,Skirt,175.00,0.00,0.00,12
SKIRT-79,yellow net Sunflower  skirt small,Skirt,175.00,0.00,0.00,12
SKIRT-78,Royal blue net gold dot skirt with Gold border,Skirt,225.00,0.00,0.00,10
CUTOUT-3,Lion,Property,150.00,0.00,0.00,1
CUTOUT-2,Kaala,Property,150.00,0.00,0.00,1
CUTOUT-1,Elephant front view,Property,250.00,0.00,0.00,1
CHARKA-1,Charka,Property,100.00,0.00,0.00,2
KAVADI-4,New Thrishur Kavadi,Property,125.00,0.00,0.00,10
POOKOODA-4,Bamboo pookooda,Property,150.00,0.00,0.00,1
POOKOODA-3,Black wire,Property,75.00,0.00,0.00,2
POOKOODA-2,Light weight Oval,Property,75.00,0.00,0.00,1
KUDAM-4,Red black velvet kudam,Property,125.00,0.00,0.00,6
POMSTICK-3,Majenta green blue red mix,Property,25.00,0.00,0.00,38
POMSTICK-2,Silver,Property,30.00,0.00,0.00,20
POMSTICK-1,Gold,Property,30.00,0.00,0.00,9
MASK-10,Narasimham Mask,Property,150.00,0.00,0.00,1
MASK-9,Halloween Mask,Property,40.00,0.00,0.00,8
VEENA-4,Light weight veena,Property,250.00,0.00,0.00,1
BUTTERFLY-3,Butterfly wings Pink,Property,30.00,0.00,0.00,1
BUTTERFLY-2,Butterfly wings white,Property,30.00,0.00,0.00,12
CROWN-36,New Krishna stone kettu crown,Property,100.00,0.00,0.00,3
CROWN-35,Swathi Thirunal crown,Property,250.00,0.00,0.00,1
CROWN-34,Mayilpeeli crown,Property,100.00,0.00,0.00,7
CROWN-33,Black velvet 5 kombu crown,Property,100.00,0.00,0.00,10
CROWN-32,Gandharva crown,Property,100.00,0.00,0.00,10
BHN-36/5,Vadamally Light Orange,Bharathanattyam,350.00,0.00,0.00,1
CINE-31,Ping seq top/silver pant,Cinematic,300.00,0.00,0.00,11
CINE-30,Red shimmer pant top,Cinematic,325.00,0.00,0.00,10
CINE-29,Pink shirt blue trouser tie,Cinematic,250.00,0.00,0.00,5
CINE-28,Pink shirt blue trouser tie,Cinematic,300.00,0.00,0.00,10
CINE-27,Red velvet black work top pant,Cinematic,350.00,0.00,0.00,10
CINE-26,Offwhite shimmer cloth pant top,Cinematic,350.00,0.00,0.00,12
CINE-25,Silver seq pant/Gold seq sleeveless top,Cinematic,300.00,0.00,0.00,12
CINE-24,Gold seq pant/Gold top,Cinematic,275.00,0.00,0.00,11
SKTP-82,Blue Rajasthani,Skirt Top,600.00,0.00,0.00,2
SKTP-81,Merrron Rajasthani,Skirt Top,600.00,0.00,0.00,2
SKTP-80,Red Gujarati small,Skirt Top,400.00,0.00,0.00,4
SKTP-79,Red flaired Rajasthani,Skirt Top,600.00,0.00,0.00,3
SKTP-78,White skirt Rajasthani set,Skirt Top,600.00,0.00,0.00,1
SKTP-77,White skirt Rajasthani set,Skirt Top,600.00,0.00,0.00,2
SKTP-76,Majenta skirt yellow blouse,Skirt Top,600.00,0.00,0.00,1
SKTP-75,Black red Rajasthani blaack blouse,Skirt Top,600.00,0.00,0.00,2
SKTP-74,Gold big seq top skirt,Skirt Top,275.00,0.00,0.00,11
SKTP-73,Pink shirt bluejean cloth skirt bow tie,Skirt Top,300.00,0.00,0.00,10
SKTP-72,"White net sjirtGold big seq top,gloves",Skirt Top,300.00,0.00,0.00,12
SKTP-71,Red white dot skirt white blouse,Skirt Top,100.00,0.00,0.00,8
SKTP-70,Blue net skirt white seq top (KG),Skirt Top,225.00,0.00,0.00,21
SKTP-69,Blue Rajasthani,Skirt Top,350.00,0.00,0.00,10
SKTP-68,Yellow Rajasthani,Skirt Top,400.00,0.00,0.00,1
PARTS-49HS,Yellow velvet seq kacha,Parts,100.00,0.00,0.00,10
PARTS-47SF,Light Orange with orange round seq border,Parts,75.00,0.00,0.00,6
PARTS-47LF,Light Orange with orange round seq border,Parts,75.00,0.00,0.00,6
PARTS-47HS,Light Orange with orange round seq border,Parts,75.00,0.00,0.00,5
PARTS-46LF,Copper sulphate blue brocade,Parts,75.00,0.00,0.00,10
PARTS-46BS,Copper sulphate blue brocade,Parts,75.00,0.00,0.00,10
PARTS-46HS,Copper sulphate blue brocade,Parts,75.00,0.00,0.00,10
PARTS-45BS,Majenta net round design border,Parts,100.00,0.00,0.00,10
PARTS-45HS,Majenta net round design border,Parts,100.00,0.00,0.00,10
PARTS-44SF,Majenta velvet sequence Kacha,Parts,75.00,0.00,0.00,10
PARTS-44BS,Majenta velvet sequence Kacha,Parts,100.00,0.00,0.00,10
PARTS-44HS,Majenta velvet sequence Kacha,Parts,100.00,0.00,0.00,10
PARTS-43SF,Blue violet sequence kacha,Parts,75.00,0.00,0.00,10
PARTS-43BS,Blue violet sequence kacha,Parts,100.00,0.00,0.00,10
PARTS-43HS,Blue violet sequence kacha,Parts,100.00,0.00,0.00,10
PARTS-42SF,Gold Brocade Kacha,Parts,75.00,0.00,0.00,10
PARTS-42BS,Gold Brocade Kacha,Parts,100.00,0.00,0.00,10
PARTS-42HS,Gold Brocade Kacha,Parts,100.00,0.00,0.00,10
PANT-65,Orange satin dhothi pant,Pant,150.00,0.00,0.00,4
PANT-64,White satin dhothi pant,Pant,100.00,0.00,0.00,11
PANT-63,Red satin dhothi pant thin border,Pant,100.00,0.00,0.00,7
PANT-62,Blue polyster dhothi pant,Pant,100.00,0.00,0.00,10
PANT-61,Black small seq pant,Pant,150.00,0.00,0.00,6
PANT-60,White brocade sunfleet pant,Pant,300.00,0.00,0.00,12
OCT-44,Gold tissue sleeveless coat,Overcoat,75.00,0.00,0.00,18
OCT-43,Orange long sleeveless coat,Overcoat,75.00,0.00,0.00,3
OCT-42,Gold small sequence sleeveless coat,Overcoat,75.00,0.00,0.00,18
OCT-41,Red gold sequence full sleeve Jacket,Overcoat,225.00,0.00,0.00,10
BHN-36/54,Yello/Red Brocaed green,Bharathanattyam,1500.00,0.00,0.00,1
BHN-35/6,Orange/Vadamulla,Bharathanattyam,1200.00,0.00,0.00,1
BHN-34/22,Red Gold old,Bharathanattyam,450.00,0.00,0.00,1
BHN-30/14,Bottle green dot/Purple,Bharathanattyam,1300.00,0.00,0.00,1
BHN-30/13,Navy Blue dot Majenta,Bharathanattyam,1300.00,0.00,0.00,1
BHN-32/28,Chilli Red green + KH parts,Bharathanattyam,1500.00,0.00,0.00,1
BHN-32/27,Merron dark green + KH parts,Bharathanattyam,1500.00,0.00,0.00,1
BHN-37/5,Viloet and Merroon,Bharathanattyam,1500.00,0.00,0.00,1
BHN-37/3,Ink Blue,Bharathanattyam,800.00,0.00,0.00,1
BHN-34/36,Royal blue Majenta + KH parts,Bharathanattyam,1500.00,0.00,0.00,1
BHN-34/35,kIilipacha Purple,Bharathanattyam,1300.00,0.00,0.00,1
BHN-34/34,Wine Offwhite,Bharathanattyam,650.00,0.00,0.00,1
BHN-36/14,Red Blue Green,Bharathanattyam,500.00,0.00,0.00,1
SHAWL-40,SKY BLUE SEQUENCE MEDIUM,Shawl,30.00,0.00,0.00,2
SHAWL-39,SKY BLUE NET,Shawl,30.00,0.00,0.00,3
SHAWL-38,BLUE/GOLD BORDER,Shawl,30.00,0.00,0.00,9
SHAWL-37,GREEN/BLUE BORDER SMALL,Shawl,30.00,0.00,0.00,6
SHAWL-36,GREEN/BLUE BORDER,Shawl,30.00,0.00,0.00,8
SHAWL-35,GREEN NET/ GOLD DOT MEDIUM,Shawl,30.00,0.00,0.00,8
SHAWL-34,GREEN/GOLD BORDER SMALL,Shawl,30.00,0.00,0.00,4
SHAWL-33,GREEN/GOLD BORDER LARGE,Shawl,30.00,0.00,0.00,8
SHAWL-32,GREEN NET/GOLD BORDER MEDIUM,Shawl,30.00,0.00,0.00,13
SHAWL-31,ORANGE/GOLD BORDER LARGE,Shawl,30.00,0.00,0.00,16
SHAWL-30,ORANGE /GOLD BORDER MEDIUM,Shawl,30.00,0.00,0.00,10
SHAWL-29,RED EMBROIDERY,Shawl,30.00,0.00,0.00,12
SHAWL-28,RED/GOLD EMBROIDERY MEDIUM,Shawl,30.00,0.00,0.00,6
SHAWL-27,RED/GOLD DOT SMALL,Shawl,30.00,0.00,0.00,2
SHAWL-26,RED NET/BIG DOT SMALL SIZE,Shawl,30.00,0.00,0.00,10
SHAWL-25,RED/GOLD BORDER,Shawl,30.00,0.00,0.00,7
SHAWL-24,RED PLAIN NET,Shawl,30.00,0.00,0.00,5
SHAWL-23,RED/SILVER BORDER,Shawl,30.00,0.00,0.00,10
SHAWL-22,RED PLAIN,Shawl,30.00,0.00,0.00,5
SHAWL-21,WHITE/SILVER BORDER MEDIUM,Shawl,30.00,0.00,0.00,7
SHAWL-20,WHITE NET,Shawl,30.00,0.00,0.00,2
SHAWL-19,WHITE PLAIN,Shawl,30.00,0.00,0.00,6
SHAWL-18,BLACK/GREEN BORDER,Shawl,30.00,0.00,0.00,3
SHAWL-17,BLACK/SMALL DOT,Shawl,30.00,0.00,0.00,13
SHAWL-16,BLACK/GOLD BORDER,Shawl,30.00,0.00,0.00,10
SHAWL-15,PLAIN MAJENTA,Shawl,30.00,0.00,0.00,5
SHAWL-14,MAGENTA GOLD EMBROIDERY,Shawl,30.00,0.00,0.00,9
SHAWL-13,MAJENTA DOT MEDIUM,Shawl,30.00,0.00,0.00,10
SHAWL-12,MAJENTA SMALL,Shawl,30.00,0.00,0.00,13
SHAWL-11,MAJENTA BORDER EMBROIDERY,Shawl,30.00,0.00,0.00,8
SHAWL-10,GOLD EMBROIDERY,Shawl,30.00,0.00,0.00,11
SHAWL-9,GOLD NET DOT SEQUENCE,Shawl,30.00,0.00,0.00,10
SHAWL-8,GOLD NET MIRROR,Shawl,30.00,0.00,0.00,4
SHAWL-7,GOLD NET,Shawl,30.00,0.00,0.00,16
SHAWL-6,GOLD/GOLD SATIN,Shawl,30.00,0.00,0.00,4
SHAWL-5,GOLD/GOLD BORDER,Shawl,30.00,0.00,0.00,2
SHAWL-4,GOLD/BLACK BORDER,Shawl,30.00,0.00,0.00,4
SHAWL-3,GOLD /PEARL,Shawl,30.00,0.00,0.00,8
SHAWL-2,GOLD BIG DOTS,Shawl,30.00,0.00,0.00,38
SHAWL-1,GOLD SEQUENCE DOT,Shawl,30.00,0.00,0.00,15
TOP-65,Yellow full sequence,Top,75.00,0.00,0.00,12
TOP-64,Pink full seq top long,Top,125.00,0.00,0.00,1
TOP-63,Gold full seq top long,Top,125.00,0.00,0.00,5
TOP-62,Black net gold dot,Top,125.00,0.00,0.00,8
TOP-61,Pista gree gold border,Top,100.00,0.00,0.00,4
TOP-60,Red seq top gold border,Top,100.00,0.00,0.00,12
TOP-59,Red satin black design neck top,Top,100.00,0.00,0.00,7
TOP-58,Blue plain with gold border XL,Top,100.00,0.00,0.00,6
TOP-57,Pink with gold border XL,Top,100.00,0.00,0.00,10
TOP-56,Green with gold border XL,Top,100.00,0.00,0.00,9
TOP-55,Red with gold border XL,Top,100.00,0.00,0.00,11
TOP-54,Plain red with border,Top,75.00,0.00,0.00,8
TOP-53,Plain red blouse(No brocade),Top,75.00,0.00,0.00,6
TOP-52,Blue check brocade thiruvatira blouse,Top,100.00,0.00,0.00,10
TOP-51,Green check brocadeThiruvathira blouse,Top,100.00,0.00,0.00,10
TOP-50,Majenta brocade blouse,Top,100.00,0.00,0.00,4
TOP-49,Blue brocade blouse,Top,100.00,0.00,0.00,5
TOP-48,Orange velvet,Top,100.00,0.00,0.00,10
TOP-47,Pista green blouse,Top,100.00,0.00,0.00,3
TOP-46,Red white flower,Top,75.00,0.00,0.00,2
TOP-45,Black dot small,Top,75.00,0.00,0.00,10
TOP-44,Majenta brocade,Top,100.00,0.00,0.00,8
TOP-43,White/Red dot,Top,50.00,0.00,0.00,3
TOP-42,GREEN/YELLOW DOT PUFF,Top,40.00,0.00,0.00,6
TOP-41,BLUE GOLD,Top,100.00,0.00,0.00,4
TOP-40,ORANGE FULL SLEEVE,Top,75.00,0.00,0.00,5
TOP-39,GOLD FULL,Top,75.00,0.00,0.00,6
TOP-38,SILVER/BLACK,Top,75.00,0.00,0.00,10
TOP-37,BLACK/GOLD,Top,125.00,0.00,0.00,7
TOP-36,RAJASTANI BLOUSE,Top,100.00,0.00,0.00,12
TOP-35,MAJENTA/GREEN,Top,75.00,0.00,0.00,10
TOP-34,MAJENTA/BLUE,Top,75.00,0.00,0.00,10
TOP-33,GREEN SEQUENCE,Top,75.00,0.00,0.00,10
TOP-32,GREEN MIRROR,Top,75.00,0.00,0.00,10
TOP-31,BLACK PUFF,Top,100.00,0.00,0.00,10
TOP-30,LIGHT YELLOW PUFF,Top,100.00,0.00,0.00,11
TOP-29,YELLOW PUFF,Top,75.00,0.00,0.00,11
TOP-28,BLUE/PINK,Top,75.00,0.00,0.00,15
TOP-27,VIOLET,Top,75.00,0.00,0.00,13
TOP-26,RED/PINK,Top,100.00,0.00,0.00,15
TOP-25,GOLD,Top,75.00,0.00,0.00,10
TOP-24,GOLD,Top,100.00,0.00,0.00,13
TOP-23,GOLD,Top,75.00,0.00,0.00,12
TOP-22,GOLD,Top,100.00,0.00,0.00,10
TOP-21,GOLD,Top,50.00,0.00,0.00,10
TOP-20,GOLD PUFF,Top,75.00,0.00,0.00,12
TOP-19,BLACK VELVET,Top,125.00,0.00,0.00,6
TOP-18,BLACK VELVET,Top,100.00,0.00,0.00,16
TOP-17,BLUE PUFF,Top,75.00,0.00,0.00,30
TOP-16,ORANGE VELVET,Top,100.00,0.00,0.00,11
TOP-15,MAJENDA VELVET,Top,100.00,0.00,0.00,6
TOP-14,BLUE VELVET,Top,125.00,0.00,0.00,6
TOP-13,BLUE PUFF,Top,100.00,0.00,0.00,19
TOP-12,BLUE VELVET,Top,125.00,0.00,0.00,10
TOP-11,BLUE VELVET,Top,100.00,0.00,0.00,20
TOP-10,GREEN VELVET,Top,100.00,0.00,0.00,9
TOP-9,GREEN VELVET,Top,125.00,0.00,0.00,10
TOP-8,RED VELVET,Top,125.00,0.00,0.00,10
TOP-7,GREEN VELVET,Top,75.00,0.00,0.00,9
TOP-6,RED VELVET,Top,100.00,0.00,0.00,21
TOP-5,RED,Top,100.00,0.00,0.00,10
TOP-4,RED,Top,50.00,0.00,0.00,4
TOP-3,RED,Top,75.00,0.00,0.00,11
TOP-2,RED,Top,75.00,0.00,0.00,9
TOP-1,BLACK,Top,40.00,0.00,0.00,35
SKTP-67,Green majenta/ Black Majenta border,Skirt Top,225.00,0.00,0.00,4
SKTP-66,Peach/Black design,Skirt Top,200.00,0.00,0.00,10
SKTP-65,Black satin/ Red sequence top,Skirt Top,200.00,0.00,0.00,14
SKTP-64,Orange/Green tikky,Skirt Top,175.00,0.00,0.00,8
SKTP-63,Black cotton green/Green top,Skirt Top,250.00,0.00,0.00,10
SKTP-62,Orange net/Blue border,Skirt Top,200.00,0.00,0.00,10
SKTP-61,Red net/Green,Skirt Top,175.00,0.00,0.00,8
SKTP-60,Black/white small dot,Skirt Top,250.00,0.00,0.00,10
SKTP-59,Red net/Gold sequence,Skirt Top,175.00,0.00,0.00,6
SKTP-58A,Green yellow net sequence ,Skirt Top,175.00,0.00,0.00,10
SKTP-58,White gold seq kids,Skirt Top,175.00,0.00,0.00,9
SKTP-57,Pink sequence/Silver Sequence,Skirt Top,200.00,0.00,0.00,15
SKTP-56,Red/White cotton skirt,Skirt Top,225.00,0.00,0.00,10
SKTP-55,Blue net/Blue velvet,Skirt Top,200.00,0.00,0.00,12
SKTP-54,Yellow green border/Green,Skirt Top,200.00,0.00,0.00,12
SKTP-53,Kilipacha red border,Skirt Top,175.00,0.00,0.00,10
SKTP-52,White/Black tikky,Skirt Top,175.00,0.00,0.00,8
SKTP-51,Yellow/Blue diamond,Skirt Top,175.00,0.00,0.00,10
SKTP-50,Kilipacha net dark/Greenviolet,Skirt Top,225.00,0.00,0.00,12
SKTP-49,Sea green silver sequence,Skirt Top,175.00,0.00,0.00,7
SKTP-48,Green pink tikky,Skirt Top,175.00,0.00,0.00,7
SKTP-47,Red and gold big sequence,Skirt Top,250.00,0.00,0.00,10
SKTP-46,White sequence/Blue border,Skirt Top,450.00,0.00,0.00,7
SKTP-45,Yellow /Majenta diamond,Skirt Top,100.00,0.00,0.00,8
SKTP-44,Green/Majenta satin,Skirt Top,125.00,0.00,0.00,10
SKTP-43,Green Net/Blue border,Skirt Top,150.00,0.00,0.00,7
SKTP-42,Majenta/Sea blue,Skirt Top,150.00,0.00,0.00,7
SKTP-41,Orange/Blue net slit,Skirt Top,150.00,0.00,0.00,7
SKTP-40,Kilipacha dot/Gold sequence,Skirt Top,150.00,0.00,0.00,9
SKTP-39,Sky blue readymade/Silver border,Skirt Top,225.00,0.00,0.00,12
SKTP-38,Sky blue dot net/Red,Skirt Top,200.00,0.00,0.00,10
SKTP-37,Offwhite/Merroon,Skirt Top,275.00,0.00,0.00,7
SKTP-36A,WHITE/RED KID,Skirt Top,100.00,0.00,0.00,20
SKTP-36,WHITE/RED KID,Skirt Top,100.00,0.00,0.00,15
SKTP-35,WHITE/PINK,Skirt Top,225.00,0.00,0.00,5
SKTP-34,WHITE/BLUE,Skirt Top,225.00,0.00,0.00,5
SKTP-33,Blue velvet full design malappuram,Skirt Top,425.00,0.00,0.00,12
SKTP-32,RED/GOLD,Skirt Top,425.00,0.00,0.00,10
SKTP-31,RED/SILVER,Skirt Top,425.00,0.00,0.00,12
SKTP-30,BLACK/RED,Skirt Top,400.00,0.00,0.00,9
SKTP-29,WHITE/SILVER,Skirt Top,225.00,0.00,0.00,11
SKTP-28,Orange / Black,Skirt Top,250.00,0.00,0.00,9
SKTP-27,YELLOW/WHITE,Skirt Top,250.00,0.00,0.00,11
SKTP-26,GREEN/BLUE,Skirt Top,300.00,0.00,0.00,10
SKTP-25,ROSE/GREEN,Skirt Top,400.00,0.00,0.00,10
SKTP-24,ROSE/GOLD,Skirt Top,400.00,0.00,0.00,9
SKTP-23,GREEN/MAJENTA,Skirt Top,375.00,0.00,0.00,12
SKTP-22,WHITE/BLUE,Skirt Top,200.00,0.00,0.00,4
SKTP-21,WHITE/BLUE,Skirt Top,200.00,0.00,0.00,10
SKTP-20,Pink dot netgreen,Skirt Top,400.00,0.00,0.00,10
SKTP-19,RED/BLACK,Skirt Top,225.00,0.00,0.00,8
SKTP-18,YELLOW/BLUE,Skirt Top,450.00,0.00,0.00,7
SKTP-17,BLUE/GOLD,Skirt Top,400.00,0.00,0.00,9
SKTP-16,ORANGE/BLUE,Skirt Top,300.00,0.00,0.00,10
SKTP-15,ORANGE/GREEN,Skirt Top,300.00,0.00,0.00,10
SKTP-14,WHITE/BLUE,Skirt Top,350.00,0.00,0.00,10
SKTP-12,BLACK RAJASTANI SMALL,Skirt Top,200.00,0.00,0.00,10
SKTP-11,BLUE/PINK,Skirt Top,300.00,0.00,0.00,10
SKTP-10,BLUE net design Majenta big seq border,Skirt Top,400.00,0.00,0.00,10
SKTP-9,Orange velvet black border,Skirt Top,400.00,0.00,0.00,10
SKTP-8,Black dot white cotton skirt,Skirt Top,250.00,0.00,0.00,10
SKTP-7,Black red flower cotton skirt,Skirt Top,250.00,0.00,0.00,10
SKTP-6,Chembaka cotton yellow skirt,Skirt Top,350.00,0.00,0.00,9
SKTP-5,Black cotton with green border,Skirt Top,300.00,0.00,0.00,9
SKTP-4,Purple velvet full sequence,Skirt Top,400.00,0.00,0.00,12
SKTP-3,YELLOW full work Yellow seq border,Skirt Top,400.00,0.00,0.00,10
SKTP-2,PINK net full work,Skirt Top,400.00,0.00,0.00,12
SKTP-1,Blue velvet full design,Skirt Top,400.00,0.00,0.00,10
SKIRT-77,Orange Tu Tu skirt,Skirt,175.00,0.00,0.00,12
SKIRT-76,Orange net skirt with gold border,Skirt,250.00,0.00,0.00,15
SKIRT-75,Neriyathu long with Gold,Skirt,150.00,0.00,0.00,3
SKIRT-74,Gold shimmer with gold sequence border,Skirt,150.00,0.00,0.00,2
SKIRT-73,Gold shimmer dot/Red green border,Skirt,100.00,0.00,0.00,9
SKIRT-72,Pink/ White,Skirt,125.00,0.00,0.00,6
SKIRT-71,Green / White,Skirt,125.00,0.00,0.00,8
SKIRT-70,blue/White,Skirt,125.00,0.00,0.00,4
SKIRT-69,Multi colour,Skirt,150.00,0.00,0.00,10
SKIRT-68,Purple Gold dot,Skirt,125.00,0.00,0.00,7
SKIRT-67C,Majenta flower skirt,Skirt,150.00,0.00,0.00,1
SKIRT-67B,Majenta embroidery skirt,Skirt,150.00,0.00,0.00,1
SKIRT-67A,Purple embroidery skirt,Skirt,150.00,0.00,0.00,1
SKIRT-67,Green embroidery skirt,Skirt,150.00,0.00,0.00,1
SKIRT-66,Orange net/Bluefreen sequence border,Skirt,150.00,0.00,0.00,8
SKIRT-65,Sky blue satin/Gold satin border,Skirt,150.00,0.00,0.00,8
SKIRT-64,White dot net/ Red border,Skirt,125.00,0.00,0.00,12
SKIRT-63,Green net/ Blue gold sequence border,Skirt,150.00,0.00,0.00,10
SKIRT-62,Red dot net/Blue gold border,Skirt,175.00,0.00,0.00,10
SKIRT-61,Blue sequence/ Mayilpeeli skirt,Skirt,225.00,0.00,0.00,7
SKIRT-60,White flower net gold sequence border,Skirt,125.00,0.00,0.00,12
SKIRT-59,Red net/Blue small,Skirt,150.00,0.00,0.00,10
SKIRT-58,Green blue slit,Skirt,100.00,0.00,0.00,7
SKIRT-57,Multi colour slt skirt,Skirt,125.00,0.00,0.00,12
SKIRT-56,Blue net/Majenta gold border,Skirt,200.00,0.00,0.00,10
SKIRT-55,Red net self design/Blue bprder,Skirt,100.00,0.00,0.00,7
SKIRT-54,Majenta net/ Green Small,Skirt,150.00,0.00,0.00,10
SKIRT-53,Sky blue net dot/Gold sequence border,Skirt,200.00,0.00,0.00,8
SKIRT-52,Green net gold dot/Gold border,Skirt,175.00,0.00,0.00,9
SKIRT-51,Gold banyancloth/Green seq Border,Skirt,200.00,0.00,0.00,9
SKIRT-50,Copper sulphate/Full sequence border,Skirt,250.00,0.00,0.00,9
SKIRT-49,Peacock bluegold print/Gold border,Skirt,200.00,0.00,0.00,10
SKIRT-48,Plain black/Gold Border,Skirt,200.00,0.00,0.00,15
SKIRT-47,Red seq design/ small sequence border,Skirt,225.00,0.00,0.00,7
SKIRT-46,Majenta banyan cloth/Slit longborder,Skirt,175.00,0.00,0.00,10
SKIRT-45,Majenta full sequence/Gold border,Skirt,250.00,0.00,0.00,10
SKIRT-44,Dark green/Majenta baniyan cloth,Skirt,200.00,0.00,0.00,7
SKIRT-43,Light pink/Gold sequence border,Skirt,300.00,0.00,0.00,10
SKIRT-42,Majenta net/ manbgo design border small,Skirt,250.00,0.00,0.00,9
SKIRT-41,Black gold embroidery/Red border,Skirt,275.00,0.00,0.00,10
SKIRT-40,Yellow net small dot/Blue seq border,Skirt,250.00,0.00,0.00,10
SKIRT-39,Majenta dot/Gold border,Skirt,200.00,0.00,0.00,15
SKIRT-38,Peacock skirt,Skirt,250.00,0.00,0.00,1
SKIRT-37,Red net/ Red embroidery border,Skirt,200.00,0.00,0.00,10
SKIRT-36,Royal blue net/Gold miror border,Skirt,250.00,0.00,0.00,5
SKIRT-35,Royal blue full seq gold/Majenta border,Skirt,275.00,0.00,0.00,10
SKIRT-34,Yellow net/Mirror border,Skirt,275.00,0.00,0.00,9
SKIRT-33,Peach emroidery/Black border,Skirt,300.00,0.00,0.00,8
SKIRT-32,Red net/Blue sequence border,Skirt,250.00,0.00,0.00,10
SKIRT-31,Royal blue embroidery/Red sequence border,Skirt,275.00,0.00,0.00,9
SKIRT-30,Sky blue silver sequence/Silver border,Skirt,300.00,0.00,0.00,12
SKIRT-29,Green sequence/Red Border,Skirt,275.00,0.00,0.00,10
SKIRT-28,Red round embroidery/ Sequence border,Skirt,275.00,0.00,0.00,10
SKIRT-27,Red full gold dot/gold sequence border,Skirt,300.00,0.00,0.00,5
SKIRT-26,Yellow net/Red diamond border,Skirt,200.00,0.00,0.00,10
SKIRT-25,Plain green net/Gold Border,Skirt,200.00,0.00,0.00,11
SKIRT-24,Gold dot/Gold border,Skirt,250.00,0.00,0.00,10
SKIRT-23,Majebta Embroidery border,Skirt,300.00,0.00,0.00,5
SKIRT-22,Majenta net/Mango design border,Skirt,300.00,0.00,0.00,7
SKIRT-21,Red gold mirror/2 line border,Skirt,250.00,0.00,0.00,13
SKIRT-20,White gold design,Skirt,250.00,0.00,0.00,6
SKIRT-19,Yellow Green Border,Skirt,200.00,0.00,0.00,11
SKIRT-18,Black dot skirt,Skirt,250.00,0.00,0.00,9
SKIRT-17,Blue net/Gold Majenta square design,Skirt,300.00,0.00,0.00,11
SKIRT-16,Kilipacha gold dot/Gold border,Skirt,200.00,0.00,0.00,7
SKIRT-15,Orange flower net skirt,Skirt,250.00,0.00,0.00,14
SKIRT-14,Majenta/Gold triangle design,Skirt,300.00,0.00,0.00,10
SKIRT-13,Kilipacha/Majenta border,Skirt,200.00,0.00,0.00,10
SKIRT-12,Red stripes,Skirt,350.00,0.00,0.00,1
SKIRT-11,WHITE/GOLD,Skirt,200.00,0.00,0.00,12
SKIRT-9,RED/GREEN,Skirt,200.00,0.00,0.00,7
SKIRT-8,BLUE/GOLD,Skirt,150.00,0.00,0.00,9
SKIRT-7,White silver sequence skirt,Skirt,200.00,0.00,0.00,12
SKIRT-6,GOLD/GOLD,Skirt,200.00,0.00,0.00,10
SKIRT-5,WHITE/GOLD,Skirt,300.00,0.00,0.00,12
SKIRT-4,YELLOW,Skirt,300.00,0.00,0.00,8
SKIRT-3,RED/PINK,Skirt,250.00,0.00,0.00,5
SKIRT-2,GOLD/BLACK,Skirt,250.00,0.00,0.00,10
SKIRT-1,RED/WHITE,Skirt,250.00,0.00,0.00,7
SEMI-36,Blue/ Orange Skirt BH,Semi Classical,400.00,0.00,0.00,1
SEMI-35,Blue Majenta/Renga pooja KG,Semi Classical,350.00,0.00,0.00,8
SEMI-34,Violet/Majenta brocade,Semi Classical,400.00,0.00,0.00,3
SEMI-33,Sky blue/ Majenta BH,Semi Classical,400.00,0.00,0.00,5
SEMI-32,Peacock blue/Red skirt BH,Semi Classical,450.00,0.00,0.00,8
SEMI-31,Green skirt/Majenta brocade BH,Semi Classical,400.00,0.00,0.00,3
SEMI-30,Gteen skirt/Red parts BH,Semi Classical,500.00,0.00,0.00,9
SEMI-29,Blue skirt/ Green Manichithra thazhu,Semi Classical,500.00,0.00,0.00,10
SEMI-28,Vadamulla surf blue Renga pooja model,Semi Classical,450.00,0.00,0.00,12
SEMI-27,Neriyathu skirt half saree,Semi Classical,400.00,0.00,0.00,10
SEMI-26,"Kilipaha dot skirt,Red blouse",Semi Classical,500.00,0.00,0.00,7
SEMI-25,Violet skirt green brocade skirt BH,Semi Classical,600.00,0.00,0.00,10
SEMI-24,Pista green violet brocade skirt model BH,Semi Classical,600.00,0.00,0.00,10
SEMI-23,Blue Majenta brocade skirt model BH,Semi Classical,600.00,0.00,0.00,10
SEMI-22,Red blue skirt model BH,Semi Classical,550.00,0.00,0.00,10
SEMI-21,Black and Gold snake dance type Old,Semi Classical,350.00,0.00,0.00,6
SEMI-20,"Brown/Black border, yellow blouse",Semi Classical,300.00,0.00,0.00,3
SEMI-19,Brown/Majenta skirt,Semi Classical,300.00,0.00,0.00,4
SEMI-18,Orange skirt/ Green blouse,Semi Classical,300.00,0.00,0.00,6
SEMI-17,Majenta skir/ Green blouse,Semi Classical,300.00,0.00,0.00,6
SEMI-16,Orange satin/ Blue semi,Semi Classical,450.00,0.00,0.00,5
SEMI-15,Blue satin/Orange semi,Semi Classical,450.00,0.00,0.00,5
SEMI-14,Merroon Kannagi set,Semi Classical,650.00,0.00,0.00,10
SEMI-13,Ash/Majenta saree model,Semi Classical,600.00,0.00,0.00,10
SEMI-12,Pista green/Violet brocade semi,Semi Classical,600.00,0.00,0.00,10
SEMI-11,Full red saree type semi,Semi Classical,500.00,0.00,0.00,10
SEMI-10,Red/Blue check semi,Semi Classical,500.00,0.00,0.00,10
SEMI-9,Blueviolet/Majenta semi,Semi Classical,600.00,0.00,0.00,13
SEMI-8,Kilipacha/ Vadamulla semi,Semi Classical,350.00,0.00,0.00,3
SEMI-7,Majenta pant/ Green brocade,Semi Classical,350.00,0.00,0.00,1
SEMI-6,Black silver sequence /Snakle set,Semi Classical,500.00,0.00,0.00,7
SEMI-5,Black gold new,Semi Classical,600.00,0.00,0.00,10
SEMI-4,Black gold old,Semi Classical,500.00,0.00,0.00,9
SEMI-3,Re pant/Black vlouse,Semi Classical,600.00,0.00,0.00,10
SEMI-2,Black Pant/Blue back seat,Semi Classical,550.00,0.00,0.00,7
SEMI-1,Majenta pant/Green brocade,Semi Classical,700.00,0.00,0.00,8
CROSS-1,Kurishu big,Property,250.00,0.00,0.00,1
HANDBELT-1,Handbelt,Property,100.00,0.00,0.00,1
SKULLMALA-1,Thalayotti mala,Property,75.00,0.00,0.00,8
KAVADI-3,Velvet strong Kavadi,Property,150.00,0.00,0.00,1
KAVADI-2,Velvet kavadi,Property,125.00,0.00,0.00,6
KAVADI-1,Small kavadi cardboard,Property,100.00,0.00,0.00,7
POOKOODA-1,Brass pookooda with handle,Property,100.00,0.00,0.00,8
DAMARU-2,Big Damaru,Property,40.00,0.00,0.00,19
DAMARU-1,Small damaru,Property,25.00,0.00,0.00,4
MADHALAM-1,Madhalam,Property,150.00,0.00,0.00,1
CHENDA-1,Chenda,Property,150.00,0.00,0.00,1
KOMBU-1,Kombu musical instrument,Property,75.00,0.00,0.00,3
VEENA-3,Pullor kudam veena big,Property,150.00,0.00,0.00,1
VEENA-2,Original veena,Property,750.00,0.00,0.00,1
VEENA-1,Pullor veena,Property,75.00,0.00,0.00,5
DUFF-1,Duff,Property,60.00,0.00,0.00,5
FLAME-1,Flame cutout to hold,Property,50.00,0.00,0.00,6
LAMP-1,Alladin lamp,Property,75.00,0.00,0.00,3
KUDAM-3,Karakatta kudam,Property,100.00,0.00,0.00,12
KUDAM-2,Velvet kudam big,Property,150.00,0.00,0.00,6
KUDAM-1,Brown painted small kudam,Property,75.00,0.00,0.00,8
VENCHA-2,Venchamaram small,Property,75.00,0.00,0.00,1
VENCHA-1,Venchamaram big,Property,200.00,0.00,0.00,2
MURAM-3,Square muram,Property,40.00,0.00,0.00,4
MURAM-2,Painted muram,Property,100.00,0.00,0.00,1
MURAM-1,Normal muram,Property,40.00,0.00,0.00,7
HEAD-1,Asuran thala,Property,75.00,0.00,0.00,4
VELAKALISET-1,"Paricha kambu,kaikettu,scarf,shawl",Property,175.00,0.00,0.00,10
GADHA-2,Gadha big,Property,200.00,0.00,0.00,2
GADHA-1,Gadha small,Property,75.00,0.00,0.00,3
TAIL-1,Hanuman tail,Property,75.00,0.00,0.00,3
GUN-1,Long Gun,Property,75.00,0.00,0.00,15
CHAKRAM-1,Chakram,Property,50.00,0.00,0.00,3
STICK-5,Kuntham,Property,50.00,0.00,0.00,5
STICK-4,Chengol blue,Property,75.00,0.00,0.00,1
STICK-3,Snake stick,Property,75.00,0.00,0.00,1
STICK-2,Police stick lathi wood,Property,50.00,0.00,0.00,2
STICK-1,Police stick silver end,Property,75.00,0.00,0.00,6
ODAKUZHAL-2,Odakuzhal pearl hanging,Property,75.00,0.00,0.00,1
ODAKUZHAL-1,Odakuzhal ordinary,Property,20.00,0.00,0.00,42
SHANGU-2,Shangu small,Property,40.00,0.00,0.00,2
SHANGU-1,Shangu big,Property,75.00,0.00,0.00,5
CHILAMBU-2,Chilambu fiber,Property,75.00,0.00,0.00,7
CHILAMBU-1,Chilambu light weight,Property,50.00,0.00,0.00,5
PARICHA-6,Paricha brass,Property,100.00,0.00,0.00,2
PARICHA-5,Paricha small metal,Property,75.00,0.00,0.00,4
PARICHA-4,Paricha cardboard,Property,60.00,0.00,0.00,11
PARICHA-3,Paricha painted,Property,100.00,0.00,0.00,6
PARICHA-2,Paricha very big metal,Property,200.00,0.00,0.00,1
PARICHA-1,Paricha light weight,Property,40.00,0.00,0.00,9
CHILANKA-2,Buckle/welcrow chilanaga,Property,150.00,0.00,0.00,20
CHILANKA-1,Kettu chilanka,Property,75.00,0.00,0.00,30
MASK-8,Gold eye mask,Property,30.00,0.00,0.00,2
MASK-7,Flexible rubber ganapathy mask,Property,150.00,0.00,0.00,1
MASK-6,Light weight ganapathy mask,Property,75.00,0.00,0.00,2
MASK-5,Ganapathy half mask velvet,Property,100.00,0.00,0.00,2
MASK-4,Ganapathy mask full face red,Property,100.00,0.00,0.00,3
MASK-3,Narasimhan mask,Property,75.00,0.00,0.00,1
MASK-2,Hanuman mask,Property,30.00,0.00,0.00,1
MASK-1,Ganapathy mask,Property,100.00,0.00,0.00,1
AVANAZHI-1,Avanazhi ambu,Property,75.00,0.00,0.00,5
VILLU-1,Villu,Property,100.00,0.00,0.00,4
MAZHU-2,Small mazhu wood,Property,50.00,0.00,0.00,2
MAZHU-1,Mazhu fiber,Property,75.00,0.00,0.00,2
VEL-2,Vel Big,Property,100.00,0.00,0.00,1
VEL-1,Vel Medium,Property,75.00,0.00,0.00,10
SHOOLAM-4,Shoolam sharp,Property,125.00,0.00,0.00,10
SHOOLAM-3,Shoolam big light weight,Property,125.00,0.00,0.00,10
SHOOLAM-2,Shoolam small,Property,100.00,0.00,0.00,14
SHOOLAM-1,Shoolam silver,Property,100.00,0.00,0.00,1
KAMANDALAM-2,Big Kamandalam,Property,75.00,0.00,0.00,8
KAMANDALAM-1,Small Kamandalam,Property,50.00,0.00,0.00,5
VALLAM-1,Cardboard vallam,Property,250.00,0.00,0.00,1
UMBRELLA-7,Muthukuda big,Property,100.00,0.00,0.00,1
UMBRELLA-6,Muthukuda small,Property,100.00,0.00,0.00,1
UMBRELLA-5,Olakuda big,Property,200.00,0.00,0.00,15
UMBRELLA-4,Olakuda small,Property,150.00,0.00,0.00,14
UMBRELLA-3,Small blue umbrella,Property,50.00,0.00,0.00,10
UMBRELLA-2,Chinese umbrella with side hanging,Property,75.00,0.00,0.00,2
UMBRELLA-1,Chinese umbrella purple,Property,50.00,0.00,0.00,23
FAN-5,Mayil peepli vishari,Property,50.00,0.00,0.00,17
FAN-4,Long cloth hanging fan,Property,50.00,0.00,0.00,12
FAN-3,Colorful cloth veeshari,Property,30.00,0.00,0.00,6
FAN-2,Chinese fan with feather,Property,40.00,0.00,0.00,8
FAN-1,Chinese fan,Property,25.00,0.00,0.00,17
KUTTA-5,Long type Kutta,Property,50.00,0.00,0.00,1
KUTTA-4,Pookada model Kutta,Property,30.00,0.00,0.00,8
KUTTA-3,Arivatti model Kutta,Property,30.00,0.00,0.00,4
KUTTA-2,Side paper wrapped Kutta,Property,30.00,0.00,0.00,10
KUTTA-1,Plain Kutta,Property,30.00,0.00,0.00,2
VAAL-9,Small vaal with handle,Property,5.00,0.00,0.00,1
VAAL-8,Velichapadu gold mediumVaal,Property,75.00,0.00,0.00,10
VAAL-7,Asuran vaal,Property,60.00,0.00,0.00,5
VAAL-6,Heavy vaal with ura Vaal,Property,250.00,0.00,0.00,2
VAAL-5,Vaal with ura Vaal,Property,125.00,0.00,0.00,1
VAAL-4,Arivaal small Vaal,Property,50.00,0.00,0.00,7
VAAL-3,Velichapadu vaal Gold big Vaal,Property,150.00,0.00,0.00,1
VAAL-2,Velichapadu Vaal Black Vaal,Property,100.00,0.00,0.00,7
VAAL-1,Weightless vaal Black handle Vaal,Property,75.00,0.00,0.00,20
BUTTERFLY-1,Butterfly wings big,Property,100.00,0.00,0.00,9
FLOWER-6,Offwhite sunflower sponge,Property,75.00,0.00,0.00,25
FLOWER-5,Big lotus majenta,Property,100.00,0.00,0.00,10
FLOWER-4,Orange sunflower face,Property,75.00,0.00,0.00,16
FLOWER-3,Orange sunflower,Property,75.00,0.00,0.00,9
FLOWER-2,Yellow sunflower,Property,75.00,0.00,0.00,19
FLOWER-1,Small Lotus flower,Property,75.00,0.00,0.00,12
CAP-16,Cone shape thoppi,Property,75.00,0.00,0.00,1
CAP-15,Pala thoppi,Property,40.00,0.00,0.00,1
CAP-14,Blue marathi cap,Property,100.00,0.00,0.00,1
CAP-13,Merroon Rajasthani cap,Property,75.00,0.00,0.00,1
CAP-12,Green Rajasthani cap,Property,75.00,0.00,0.00,1
CAP-11,Green red seqeunceRajasthani cap,Property,75.00,0.00,0.00,2
CAP-10,Yellow blue sequence Rajasthani cap,Property,75.00,0.00,0.00,2
CAP-9,Yellow red Rajasthani cap,Property,75.00,0.00,0.00,11
CAP-8,Majenta Marathi cap,Property,75.00,0.00,0.00,1
CAP-7,White Marathi cap,Property,75.00,0.00,0.00,1
CAP-6,Yellow Marathi cap,Property,75.00,0.00,0.00,1
CAP-5,Merron offwhite marathi cap,Property,75.00,0.00,0.00,3
CAP-4,Cow boy cap Orange,Property,75.00,0.00,0.00,2
CAP-3,Cow boy cap Ash,Property,75.00,0.00,0.00,12
CAP-2,White Cap,Property,30.00,0.00,0.00,1
CAP-1,Black cap,Property,30.00,0.00,0.00,9
CROWN-31,Mayavu kombu Crown,Property,50.00,0.00,0.00,1
CROWN-30,Luttappi kombu Crown,Property,50.00,0.00,0.00,2
CROWN-29,Mul kereedam Crown,Property,75.00,0.00,0.00,3
CROWN-28,Cristian king crown gold,Property,50.00,0.00,0.00,4
CROWN-27,Christian king crown silver,Property,50.00,0.00,0.00,6
CROWN-26,Maveli crown cardboard,Property,125.00,0.00,0.00,1
CROWN-25,Maveli crown heavy,Property,200.00,0.00,0.00,1
CROWN-24,Asuran crown black,Property,75.00,0.00,0.00,4
CROWN-23,Jhansi rani crown,Property,50.00,0.00,0.00,16
CROWN-22,Green curl crown,Property,75.00,0.00,0.00,1
CROWN-21,Gold painted crown with stone,Property,100.00,0.00,0.00,1
CROWN-20,Green stone crown,Property,75.00,0.00,0.00,10
CROWN-19,Mayil thala Crown,Property,75.00,0.00,0.00,15
CROWN-18,Ravana crown,Property,200.00,0.00,0.00,1
CROWN-17,Brahma crown,Property,150.00,0.00,0.00,1
CROWN-16,Tribal feather crown,Property,75.00,0.00,0.00,10
CROWN-15,Crown with white stone flower Crown,Property,75.00,0.00,0.00,12
CROWN-14,Kombu crown white / Red stone,Property,100.00,0.00,0.00,1
CROWN-13,Star crown white stone,Property,100.00,0.00,0.00,3
CROWN-12,Krishna crown blue,Property,100.00,0.00,0.00,1
CROWN-11,"Krishna crown green,orange, blue mix",Property,100.00,0.00,0.00,11
CROWN-10,Krishna crown yellow blue Crown,Property,100.00,0.00,0.00,12
CROWN-9,Andal konda gold lace Crown,Property,75.00,0.00,0.00,7
CROWN-8,Andal konda stone Crown,Property,75.00,0.00,0.00,9
CROWN-7,Gold snake bow Crown,Property,100.00,0.00,0.00,10
CROWN-6,Black flame velvet Crown,Property,100.00,0.00,0.00,8
CROWN-5,Blue velvet peacog with kudam design Crown,Property,125.00,0.00,0.00,7
CROWN-4,Black 2 line gold lace Crown,Property,125.00,0.00,0.00,10
CROWN-3,Black velvet bow with lekshmi print Crown,Property,125.00,0.00,0.00,10
CROWN-2,Half ring gold with Crown,Property,100.00,0.00,0.00,1
CROWN-1,Half ring silver Crown,Property,75.00,0.00,0.00,12
PARTS-41BS,Black plain,Parts,75.00,0.00,0.00,7
PARTS-41HS,Black plain,Parts,75.00,0.00,0.00,10
PARTS-40SF,Gold dot,Parts,75.00,0.00,0.00,7
PARTS-40BS,Gold dot,Parts,75.00,0.00,0.00,9
PARTS-39SF,Blue Brocade,Parts,75.00,0.00,0.00,14
PARTS-39BS,Blue Brocade,Parts,75.00,0.00,0.00,11
PARTS-39HS,Blue Brocade,Parts,75.00,0.00,0.00,11
PARTS-38SF,Red Brocade,Parts,75.00,0.00,0.00,11
PARTS-38BS,Red Brocade,Parts,75.00,0.00,0.00,11
PARTS-38HS,Red Brocade,Parts,75.00,0.00,0.00,11
PARTS-37SF,Green Brocade,Parts,75.00,0.00,0.00,10
PARTS-37BS,Green Brocade,Parts,75.00,0.00,0.00,10
PARTS-37HS,Green Brocade,Parts,75.00,0.00,0.00,10
PARTS-36LF,Red gold print,Parts,75.00,0.00,0.00,5
PARTS-36BS,Red gold print,Parts,75.00,0.00,0.00,5
PARTS-36HS,Red gold print,Parts,75.00,0.00,0.00,6
PARTS-35SF,Red gold brocade glass border,Parts,75.00,0.00,0.00,11
PARTS-35LF,Red gold brocade glass border,Parts,75.00,0.00,0.00,11
PARTS-35BS,Red gold brocade glass border,Parts,75.00,0.00,0.00,12
PARTS-35HS,Red gold brocade glass border,Parts,75.00,0.00,0.00,12
PARTS-34SF,Violet gold velvet seqence,Parts,75.00,0.00,0.00,10
PARTS-34LF,Violet gold velvet seqence,Parts,75.00,0.00,0.00,10
PARTS-34BS,Violet gold velvet seqence,Parts,75.00,0.00,0.00,10
PARTS-34HS,Violet gold velvet seqence,Parts,75.00,0.00,0.00,10
PARTS-33SF,Off white gold thread HS-10 BS-7 LF-1 SF-1,Parts,75.00,0.00,0.00,1
PARTS-33LF,Off white gold thread HS-10 BS-7 LF-1 SF-1,Parts,75.00,0.00,0.00,1
PARTS-33BS,Off white gold thread HS-10 BS-7 LF-1 SF-1,Parts,75.00,0.00,0.00,7
PARTS-33HS,Off white gold thread HS-10 BS-7 LF-1 SF-1,Parts,75.00,0.00,0.00,10
PARTS-32SF,"Green gold thread HS,BS,SF-7",Parts,75.00,0.00,0.00,7
PARTS-32BS,"Green gold thread HS,BS,SF-7",Parts,75.00,0.00,0.00,7
PARTS-32HS,"Green gold thread HS,BS,SF-7",Parts,75.00,0.00,0.00,7
PARTS-31BS,Green velvet lace border HS-12 BS-12,Parts,75.00,0.00,0.00,12
PARTS-31HS,Green velvet lace border HS-12 BS-12,Parts,75.00,0.00,0.00,12
PARTS-30LF,"Green flower cloth blue gold HS,BF,LF-7",Parts,75.00,0.00,0.00,7
PARTS-30BS,"Green flower cloth blue gold HS,BF,LF-7",Parts,75.00,0.00,0.00,7
PARTS-30HS,"Green flower cloth blue gold HS,BF,LF-7",Parts,75.00,0.00,0.00,7
PARTS-29SF,"Red velvet kacha-13,BS-10 SF-9",Parts,75.00,0.00,0.00,9
PARTS-29BS,"Red velvet kacha-13,BS-10 SF-9",Parts,75.00,0.00,0.00,10
PARTS-29HS,"Red velvet kacha-13,BS-10 SF-9",Parts,75.00,0.00,0.00,13
PARTS-28LF,"Red brocade flower HS,BS,LF-10",Parts,75.00,0.00,0.00,10
PARTS-28BS,"Red brocade flower HS,BS,LF-10",Parts,75.00,0.00,0.00,10
PARTS-28HS,"Red brocade flower HS,BS,LF-10",Parts,75.00,0.00,0.00,10
PARTS-27LF,"Gold brocade flower HS,BS,LF-8",Parts,75.00,0.00,0.00,8
PARTS-27BS,"Gold brocade flower HS,BS,LF-8",Parts,75.00,0.00,0.00,8
PARTS-27HS,"Gold brocade flower HS,BS,LF-8",Parts,75.00,0.00,0.00,8
PARTS-26SF,"Yellow gold thread HS,BS,SF-11",Parts,75.00,0.00,0.00,11
PARTS-26BS,"Yellow gold thread HS,BS,SF-11",Parts,75.00,0.00,0.00,11
PARTS-26HS,"Yellow gold thread HS,BS,SF-11",Parts,75.00,0.00,0.00,11
PARTS-25LF,"Red/Gold thread work HS,BS,LF-8",Parts,75.00,0.00,0.00,8
PARTS-25BS,"Red/Gold thread work HS,BS,LF-8",Parts,75.00,0.00,0.00,8
PARTS-25HS,"Red/Gold thread work HS,BS,LF-8",Parts,75.00,0.00,0.00,8
PARTS-24SF,"Black & Red design HS,BS,LF-10 SF-9",Parts,75.00,0.00,0.00,9
PARTS-24LF,"Black & Red design HS,BS,LF-10 SF-9",Parts,75.00,0.00,0.00,10
PARTS-24BS,"Black & Red design HS,BS,LF-10 SF-9",Parts,75.00,0.00,0.00,10
PARTS-24HS,"Black & Red design HS,BS,LF-10 SF-9",Parts,75.00,0.00,0.00,10
PARTS-23LF,"Red brocade HS,BS,LF-10",Parts,75.00,0.00,0.00,10
PARTS-23BS,"Red brocade HS,BS,LF-10",Parts,75.00,0.00,0.00,10
PARTS-23HS,"Red brocade HS,BS,LF-10",Parts,75.00,0.00,0.00,10
PARTS-22SF,"Green brocade HS,BS,SF,LF-10",Parts,75.00,0.00,0.00,10
PARTS-22LF,"Green brocade HS,BS,SF,LF-10",Parts,75.00,0.00,0.00,10
PARTS-22BS,"Green brocade HS,BS,SF,LF-10",Parts,75.00,0.00,0.00,10
PARTS-22HS,"Green brocade HS,BS,SF,LF-10",Parts,75.00,0.00,0.00,10
PARTS-21BS,Black design BS-10 HS-10,Parts,75.00,0.00,0.00,10
PARTS-21HS,Black design BS-10 HS-10,Parts,75.00,0.00,0.00,10
PARTS-20SF,"Orange apple cloth HS, BS, SF-8",Parts,75.00,0.00,0.00,8
PARTS-20BS,"Orange apple cloth HS, BS, SF-8",Parts,75.00,0.00,0.00,8
PARTS-20HS,"Orange apple cloth HS, BS, SF-8",Parts,75.00,0.00,0.00,8
PARTS-19SF,"Majenta Brocade HS, BS, LF, SF-10",Parts,75.00,0.00,0.00,10
PARTS-19LF,"Majenta Brocade HS, BS, LF, SF-10",Parts,75.00,0.00,0.00,10
PARTS-19BS,"Majenta Brocade HS, BS, LF, SF-10",Parts,75.00,0.00,0.00,10
PARTS-19HS,"Majenta Brocade HS, BS, LF, SF-10",Parts,75.00,0.00,0.00,10
PARTS-18SF,Blue dot BS-10 HS-10 SF-22,Parts,75.00,0.00,0.00,22
PARTS-18BS,Blue dot BS-10 HS-10 SF-22,Parts,75.00,0.00,0.00,10
PARTS-18HS,Blue dot BS-10 HS-10 SF-22,Parts,75.00,0.00,0.00,10
PARTS-17SF,"Yellow gold plain HS,BS,LF,SF-12",Parts,75.00,0.00,0.00,12
PARTS-17LF,"Yellow gold plain HS,BS,LF,SF-12",Parts,75.00,0.00,0.00,12
PARTS-17BS,"Yellow gold plain HS,BS,LF,SF-12",Parts,75.00,0.00,0.00,12
PARTS-17HS,"Yellow gold plain HS,BS,LF,SF-12",Parts,75.00,0.00,0.00,12
PARTS-16HS,White gold seq HS-10,Parts,75.00,0.00,0.00,12
PARTS-15SF,Offwhite plain SF-10 BS-10,Parts,75.00,0.00,0.00,10
PARTS-15BS,Offwhite plain SF-10 BS-10,Parts,75.00,0.00,0.00,10
PARTS-14SF,Offwhite HS-8 BS-8 SF-9,Parts,75.00,0.00,0.00,9
PARTS-14BS,Offwhite HS-8 BS-8 SF-9,Parts,75.00,0.00,0.00,8
PARTS-14HS,Offwhite HS-8 BS-8 SF-9,Parts,75.00,0.00,0.00,8
PARTS-13BS,Red velvet small dot BS-5,Parts,75.00,0.00,0.00,8
PARTS-12SF,Red velvet flower design HS-9 BS-9 SF-8,Parts,75.00,0.00,0.00,8
PARTS-12BS,Red velvet flower design HS-9 BS-9 SF-8,Parts,75.00,0.00,0.00,9
PARTS-12HS,Red velvet flower design HS-9 BS-9 SF-8,Parts,75.00,0.00,0.00,9
PARTS-11SF,Gold long fan,Parts,75.00,0.00,0.00,9
PARTS-10SF,Blue velvet LF-14 SF-14,Parts,75.00,0.00,0.00,14
PARTS-10LF,Blue velvet LF-14 SF-14,Parts,75.00,0.00,0.00,14
PARTS-9SF,Plain black velvet HS-4 BS-4,Parts,75.00,0.00,0.00,4
PARTS-9BS,Plain black velvet HS-4 BS-4,Parts,75.00,0.00,0.00,4
PARTS-9HS,Plain black velvet HS-4 BS-4,Parts,75.00,0.00,0.00,4
PARTS-8SF,Blue velvet HS-13 BS-13 SF-13,Parts,75.00,0.00,0.00,13
PARTS-8BS,Blue velvet HS-13 BS-13 SF-13,Parts,75.00,0.00,0.00,13
PARTS-8HS,Blue velvet HS-13 BS-13 SF-13,Parts,75.00,0.00,0.00,13
PARTS-7SF,Orange velvet full sequence,Parts,75.00,0.00,0.00,15
PARTS-7BS,Orange velvet full sequence,Parts,75.00,0.00,0.00,12
PARTS-7HS,Orange velvet full sequence,Parts,75.00,0.00,0.00,15
PARTS-6SF,Black velvet mirror border,Parts,75.00,0.00,0.00,10
PARTS-6BS,Black velvet mirror border,Parts,75.00,0.00,0.00,10
PARTS-6HS,Black velvet mirror border,Parts,75.00,0.00,0.00,10
PARTS-5SF,Gold,Parts,75.00,0.00,0.00,10
PARTS-5LF,Gold,Parts,75.00,0.00,0.00,9
PARTS-5BS,Gold,Parts,75.00,0.00,0.00,11
PARTS-5HS,Gold,Parts,75.00,0.00,0.00,11
PARTS-4SF,Red sequence border LF/HS/BS/SF,Parts,75.00,0.00,0.00,10
PARTS-4LF,Red sequence border LF/HS/BS/SF,Parts,75.00,0.00,0.00,6
PARTS-4BS,Red sequence border LF/HS/BS/SF,Parts,75.00,0.00,0.00,10
PARTS-4HS,Red sequence border LF/HS/BS/SF,Parts,75.00,0.00,0.00,10
PARTS-3SF,Green full sequencemirror border HS/LF/BS/SF,Parts,75.00,0.00,0.00,10
PARTS-3LF,Green full sequencemirror border HS/LF/BS/SF,Parts,75.00,0.00,0.00,10
PARTS-3BS,Green full sequencemirror border HS/LF/BS/SF,Parts,75.00,0.00,0.00,10
PARTS-3HS,Green full sequencemirror border HS/LF/BS/SF,Parts,75.00,0.00,0.00,10
PARTS-2SF,Black apple gold design HS/BS/SF,Parts,75.00,0.00,0.00,6
PARTS-2BS,Black apple gold design HS/BS/SF,Parts,75.00,0.00,0.00,6
PARTS-2HS,Black apple gold design HS/BS/SF,Parts,75.00,0.00,0.00,6
PARTS-1SF,Black velvet gold sequence,Parts,75.00,0.00,0.00,10
PARTS-1LF,Black velvet gold sequence,Parts,75.00,0.00,0.00,10
PARTS-1BS,Black velvet gold sequence,Parts,75.00,0.00,0.00,10
PARTS-1HS,Black velvet gold sequence,Parts,75.00,0.00,0.00,10
PANT-59,Black vevlet Normal Pant,Pant,150.00,0.00,0.00,10
PANT-58,Black big sequence Patiyala Pant,Pant,200.00,0.00,0.00,8
PANT-57,Black pant with gold sequence zigzag line Normal P,Pant,150.00,0.00,0.00,5
PANT-56,Pist green majenta border Normal Pant,Pant,100.00,0.00,0.00,4
PANT-55,Gold satin long Normal Pant,Pant,100.00,0.00,0.00,14
PANT-54,Red satin black border 3/4th Normal Pant,Pant,100.00,0.00,0.00,12
PANT-53,Black silver sequence Patiyala Pant,Pant,200.00,0.00,0.00,5
PANT-52,Green tikky Patiyala Pant,Pant,100.00,0.00,0.00,10
PANT-51,Green sequence Patiyala Pant,Pant,150.00,0.00,0.00,10
PANT-50,Majenta black shimmer cloth Patiyala Pant,Pant,200.00,0.00,0.00,10
PANT-49,Majenta net dot Patiyala Pant,Pant,150.00,0.00,0.00,10
PANT-48,Black satin dot Patiyala Pant,Pant,100.00,0.00,0.00,10
PANT-47,Tikky black Patiyala Pant,Pant,100.00,0.00,0.00,7
PANT-46,Orange sequence Patiyala Pant,Pant,150.00,0.00,0.00,10
PANT-45,Black sequence Normal Pant,Pant,150.00,0.00,0.00,18
PANT-44,Majenta satin with gold border Dhothi Pant,Pant,100.00,0.00,0.00,7
PANT-43,Gold sequence Patiyala Pant,Pant,150.00,0.00,0.00,19
PANT-42,Red net dot Patiyala Pant,Pant,100.00,0.00,0.00,7
PANT-41,Yellow orange satin dot Patiyala Pant,Pant,100.00,0.00,0.00,6
PANT-40,Blue net flower Patiyala Pant,Pant,150.00,0.00,0.00,8
PANT-39,Balck satin dot Dhothi Pant,Pant,100.00,0.00,0.00,13
PANT-38,Blue seq dhothi model Dhothi Pant,Pant,150.00,0.00,0.00,18
PANT-37,Kilipacha majenta small Patiyala Pant,Pant,150.00,0.00,0.00,17
PANT-36,Peacock blue small Patiyala Pant,Pant,100.00,0.00,0.00,6
PANT-35,Blue seq Patiyala Pant,Pant,100.00,0.00,0.00,6
PANT-34,Heavy orange seq pant/Blue border Patiyala Pant,Pant,200.00,0.00,0.00,12
PANT-33,Light orange seq pant/ Blue border Patiyala Pant,Pant,200.00,0.00,0.00,3
PANT-32,Orange tikky pant with blue border Patiyala Pant,Pant,150.00,0.00,0.00,10
PANT-31,Majenta seq pant green border Patiyala Pant,Pant,100.00,0.00,0.00,14
PANT-30,Black net gold dot print Patiyala Pant,Pant,100.00,0.00,0.00,28
PANT-29,Plain red pant UP Normal Pant,Pant,100.00,0.00,0.00,20
PANT-28,Red net patiyala black border Patiyala Pant,Pant,100.00,0.00,0.00,7
PANT-27,Gold seq pant red side line Normal Pant,Pant,100.00,0.00,0.00,13
PANT-26,Blue net gold long Patiyala Pant,Pant,150.00,0.00,0.00,9
PANT-25,Red Normal Pant,Pant,100.00,0.00,0.00,11
PANT-24,Ash Normal Pant,Pant,100.00,0.00,0.00,11
PANT-23,Violet Dhothi Pant,Pant,100.00,0.00,0.00,4
PANT-22,Blue plain patiyala Palazo pant,Pant,150.00,0.00,0.00,4
PANT-21,Pink plain Patiyala Palazo pant,Pant,150.00,0.00,0.00,6
PANT-20,Yellow green border Dhothi Pant,Pant,175.00,0.00,0.00,3
PANT-19,Yellow red border Dhothi Pant,Pant,175.00,0.00,0.00,13
PANT-18,Gold /Orange big sequence KG sizeNormal Pant,Pant,200.00,0.00,0.00,4
PANT-17,Green brocade Dhothi Pant,Pant,200.00,0.00,0.00,4
PANT-16,White/Black border Dhothi Pant,Pant,250.00,0.00,0.00,10
PANT-15,Yellow brocade Dhothi Pant,Pant,250.00,0.00,0.00,7
PANT-14,Majenta brocade/Kacha Dhothi Pant,Pant,250.00,0.00,0.00,10
PANT-13,Red brocade Dhothi Pant,Pant,250.00,0.00,0.00,17
PANT-12,Orange/Violet Dhothi Pant,Pant,250.00,0.00,0.00,10
PANT-11,Kilipacha brocade/Kacha model Dhothi Pant,Pant,250.00,0.00,0.00,10
PANT-10,Majenta brocade Dhothi Pant,Pant,250.00,0.00,0.00,19
PANT-9,"Blue brocade dhothi,medium/Large Dhothi Pant",Pant,250.00,0.00,0.00,10
PANT-8,Copper sulphate blue Dhothi Pant,Pant,200.00,0.00,0.00,10
PANT-7,Black/Violet round lace Dhothi Pant,Pant,250.00,0.00,0.00,10
PANT-6,Off white/Gold border Dhothi Pant,Pant,200.00,0.00,0.00,10
PANT-5,Green pant/ Cross pleatDhothi Pant,Pant,250.00,0.00,0.00,5
PANT-4,Red pant /cross pleat Dhothi Pant,Pant,250.00,0.00,0.00,5
PANT-3,Green violet round lace Dhothi Pant,Pant,250.00,0.00,0.00,10
PANT-2,Pista green Gold sequence border Dhothi Pant,Pant,200.00,0.00,0.00,11
PANT-1,Green apple cloth round lace Dhothi Pant,Pant,200.00,0.00,0.00,6
OCT-40,Yellow/Blue gold full sleeve Overcoat,Overcoat,100.00,0.00,0.00,5
OCT-39,Black silver seq sleeve less Overcoat,Overcoat,75.00,0.00,0.00,8
OCT-38,Black silver flowerd esign small Overcoat,Overcoat,100.00,0.00,0.00,5
OCT-37,Black small seq Overcoat,Overcoat,75.00,0.00,0.00,8
OCT-36,Gold/Blue sleeve less Overcoat,Overcoat,75.00,0.00,0.00,8
OCT-35,Gold/Blue full sleeve Overcoat,Overcoat,100.00,0.00,0.00,4
OCT-34,Black gold tikky Overcoat,Overcoat,75.00,0.00,0.00,6
OCT-33,Black gold flower design Overcoat,Overcoat,100.00,0.00,0.00,19
OCT-32,Black/Majenta silver round seq Overcoat,Overcoat,100.00,0.00,0.00,19
OCT-31,Green diamond Overcoat,Overcoat,100.00,0.00,0.00,6
OCT-30,Black diamond Overcoat,Overcoat,100.00,0.00,0.00,10
OCT-29,Majenta diamond Overcoat,Overcoat,100.00,0.00,0.00,10
OCT-28,Purple diamond Overcoat,Overcoat,100.00,0.00,0.00,10
OCT-27,Majenta small full sleeve Overcoat,Overcoat,75.00,0.00,0.00,6
OCT-26,Yellow diamond Overcoat,Overcoat,100.00,0.00,0.00,10
OCT-25,Orange silve diamond Overcoat,Overcoat,100.00,0.00,0.00,10
OCT-24,Multi coat Overcoat,Overcoat,125.00,0.00,0.00,5
OCT-23,Green big seq Overcoat,Overcoat,125.00,0.00,0.00,1
OCT-22,Orange big seqsmall Overcoat,Overcoat,125.00,0.00,0.00,15
OCT-21,Orange/Chenkal tikky Overcoat,Overcoat,75.00,0.00,0.00,5
OCT-20,Red small seq sleeve less Overcoat,Overcoat,75.00,0.00,0.00,5
OCT-19,Red big seq Overcoat,Overcoat,100.00,0.00,0.00,16
OCT-18,Black gold big full sleeve Overcoat,Overcoat,200.00,0.00,0.00,11
OCT-17,Blue satin design Overcoat,Overcoat,75.00,0.00,0.00,11
OCT-16,Blue small seq sleeve less Overcoat,Overcoat,75.00,0.00,0.00,8
OCT-15,Blue big seq sleeve less Overcoat,Overcoat,125.00,0.00,0.00,21
OCT-14,Gold big seq full sleeve Overcoat,Overcoat,200.00,0.00,0.00,10
OCT-13,Gold bi seq sleeve less Overcoat,Overcoat,125.00,0.00,0.00,6
OCT-12,Green tikky sleeve less Overcoat,Overcoat,75.00,0.00,0.00,10
OCT-11,Green small sleeveless seq Overcoat,Overcoat,100.00,0.00,0.00,22
OCT-10,Blue velvet/Gold blu seq full sleeve Overcoat,Overcoat,150.00,0.00,0.00,10
OCT-9,Majenta square mirror Overcoat,Overcoat,125.00,0.00,0.00,5
OCT-8,Blue square mirror Overcoat,Overcoat,125.00,0.00,0.00,2
OCT-7,Yellow square mirror Overcoat,Overcoat,125.00,0.00,0.00,4
OCT-6,Blue Thread work Overcoat,Overcoat,100.00,0.00,0.00,2
OCT-5,Red Thread work Overcoat,Overcoat,100.00,0.00,0.00,2
OCT-4,Majenta thread work Overcoat,Overcoat,100.00,0.00,0.00,2
OCT-3,Black thread work Overcoat,Overcoat,100.00,0.00,0.00,3
OCT-2,Yellow thread work Overcoat,Overcoat,100.00,0.00,0.00,2
OCT-1,Orange gold round sequenceOvercoat,Overcoat,100.00,0.00,0.00,6
KAT-13,Black/Red,Katak,200.00,0.00,0.00,10
KAT-12,White net UP,Katak,150.00,0.00,0.00,8
KAT-11,White net front sequence,Katak,250.00,0.00,0.00,2
KAT-10,Copper sulphate blue/red design,Katak,300.00,0.00,0.00,10
KAT-9,Peacock blue velvet HSS,Katak,300.00,0.00,0.00,10
KAT-8,Majenta dot/Green border,Katak,200.00,0.00,0.00,2
KAT-7,Majenta dot/offwhite border,Katak,200.00,0.00,0.00,10
KAT-6,White/Red Large,Katak,275.00,0.00,0.00,9
KAT-5,White net plain LP,Katak,175.00,0.00,0.00,10
KAT-4,Merroon dot net Large,Katak,175.00,0.00,0.00,9
KAT-3,Merron gold Large,Katak,200.00,0.00,0.00,7
KAT-2,White net design UP,Katak,200.00,0.00,0.00,7
KAT-1,Green/Black large,Katak,250.00,0.00,0.00,12
FROC-10,Sky blue thattu frock,Frock,100.00,0.00,0.00,10
FROC-9,Majentanet Thattu frock,Frock,125.00,0.00,0.00,10
FROC-8,Pink/Yellow blue thattu frock,Frock,100.00,0.00,0.00,10
FROC-7,Royal Blue,Frock,100.00,0.00,0.00,10
FROC-6,Yellow/ Red thattu frock,Frock,100.00,0.00,0.00,9
FROC-5,Green dot net/Orange sequence,Frock,100.00,0.00,0.00,9
FROC-4,Pink,Frock,125.00,0.00,0.00,10
FROC-3,RED,Frock,125.00,0.00,0.00,11
FROC-2,WHITE/BLUE,Frock,100.00,0.00,0.00,7
FROC-1,YELLOW,Frock,100.00,0.00,0.00,11
CCT-26,Gold big seq,Chest coat,75.00,0.00,0.00,9
CCT-25,Multi colour,Chest coat,75.00,0.00,0.00,10
CCT-24,Gold small seq,Chest coat,75.00,0.00,0.00,3
CCT-23,Copper suplhate full diamond seq,Chest coat,75.00,0.00,0.00,5
CCT-22,Copper sulphate centre diamond,Chest coat,75.00,0.00,0.00,9
CCT-21,Copper sulphate blue small seq,Chest coat,75.00,0.00,0.00,10
CCT-20,Black majenta tikky,Chest coat,75.00,0.00,0.00,2
CCT-19,Black/Blue leaf design,Chest coat,75.00,0.00,0.00,8
CCT-17,Black gold flower design,Chest coat,75.00,0.00,0.00,10
CCT-16,Blue big seq,Chest coat,75.00,0.00,0.00,11
CCT-15,Blue small seq,Chest coat,75.00,0.00,0.00,8
CCT-14,Majenta zig zag design,Chest coat,75.00,0.00,0.00,9
CCT-13,Green silver diamond,Chest coat,75.00,0.00,0.00,10
CCT-12,Green small seq,Chest coat,75.00,0.00,0.00,8
CCT-11,Green big seq,Chest coat,75.00,0.00,0.00,12
CCT-10,Majenta small seq,Chest coat,75.00,0.00,0.00,9
CCT-9,Majenta big seq,Chest coat,75.00,0.00,0.00,13
CCT-8,Red gold mix centre,Chest coat,75.00,0.00,0.00,9
CCT-7,Red big seq,Chest coat,75.00,0.00,0.00,12
CCT-6,Red small seq,Chest coat,75.00,0.00,0.00,12
CCT-5,Orange gold round sequence,Chest coat,75.00,0.00,0.00,12
CCT-4,Black longsequence,Chest coat,75.00,0.00,0.00,14
CCT-3,Black round seq/Silver sequence,Chest coat,75.00,0.00,0.00,8
CCT-2,Black gold sequence,Chest coat,75.00,0.00,0.00,7
CCT-1,Black round tikky,Chest coat,75.00,0.00,0.00,29
CINE-23,Pant/ TopRed white dot/Red top,Cinematic,200.00,0.00,0.00,5
CINE-22,PANT/TOPOrange net blue stripes pant,Cinematic,175.00,0.00,0.00,4
CINE-21,PANT/TOPKilipacha punjabi pant/ Top,Cinematic,200.00,0.00,0.00,5
CINE-20,PANT/TOPWhite pant/ white seq top,Cinematic,150.00,0.00,0.00,1
CINE-19,PANT/TOPGold dhothi pant/Majenta seq top,Cinematic,175.00,0.00,0.00,12
CINE-18,PANT/TOPYellow seq/ blue overcoat,Cinematic,150.00,0.00,0.00,1
CINE-17,PANT/TOPYellow red half & half joker pant,Cinematic,250.00,0.00,0.00,14
CINE-16,PANT/TOPBlueshimmer cloth pant/top,Cinematic,350.00,0.00,0.00,10
CINE-15,PANT/TOPYellow/ white seq top,Cinematic,200.00,0.00,0.00,6
CINE-14,PANT/TOPPeacock blue/Majenta sequence,Cinematic,200.00,0.00,0.00,7
CINE-13,PANT/TOPBlue top/ Yellow pant,Cinematic,200.00,0.00,0.00,10
CINE-12,PANT/TOPKilipacha blue seq top/Blue net pant,Cinematic,250.00,0.00,0.00,5
CINE-11,PANT/TOPGold green red pant/ sleevless top,Cinematic,200.00,0.00,0.00,1
CINE-10,PANT/TOPRed/white dot shirt/black pant,Cinematic,200.00,0.00,0.00,8
CINE-9,PANT/TOPRed pant/ black seq top,Cinematic,225.00,0.00,0.00,10
CINE-8,SHIRT GREEN,Cinematic,100.00,0.00,0.00,4
CINE-7,SHIRT BLACK,Cinematic,100.00,0.00,0.00,5
CINE-6,SHIRT RED,Cinematic,100.00,0.00,0.00,9
CINE-5,SHIRT PINK,Cinematic,100.00,0.00,0.00,4
CINE-4,PANT/SHIRTBLUE/WBITE,Cinematic,300.00,0.00,0.00,6
CINE-3,PANT/SHIRTBLACK.RED,Cinematic,350.00,0.00,0.00,15
CINE-2,RAJASTANI BOYSRED,Cinematic,300.00,0.00,0.00,1
CINE-1,RAJASTANI BOYSORANGE,Cinematic,300.00,0.00,0.00,12
BHN-42/4,Brown/ Surf blue,Bharathanattyam,600.00,0.00,0.00,1
BHN-42/3,Dark green/ Pink,Bharathanattyam,600.00,0.00,0.00,1
BHN-42/2,Red/ Blue,Bharathanattyam,500.00,0.00,0.00,1
BHN-42/1,Peacock green/ Orange,Bharathanattyam,500.00,0.00,0.00,1
BHN-40/50,Bottle Green/Merroon Saree KH,Bharathanattyam,1500.00,0.00,0.00,1
BHN-40/49,Saree model pink blue,Bharathanattyam,800.00,0.00,0.00,1
BHN-40/48,Red check,Bharathanattyam,1000.00,0.00,0.00,1
BHN-40/47,Brown/ Surf blue,Bharathanattyam,750.00,0.00,0.00,1
BHN-40/46,Brown/ Sulphate blue,Bharathanattyam,750.00,0.00,0.00,1
BHN-40/45,Dark blue/ Green,Bharathanattyam,800.00,0.00,0.00,1
BHN-40/44,Black/ Pink,Bharathanattyam,800.00,0.00,0.00,1
BHN-40/43,Black/ Pink,Bharathanattyam,800.00,0.00,0.00,1
BHN-40/42,Orange/ Red,Bharathanattyam,800.00,0.00,0.00,1
BHN-40/41,Black/ Red,Bharathanattyam,750.00,0.00,0.00,1
BHN-40/40,Black/ Red,Bharathanattyam,750.00,0.00,0.00,1
BHN-40/39,Dark Orange/ Merroon,Bharathanattyam,750.00,0.00,0.00,1
BHN-40/38,Peacock blue/Majenta,Bharathanattyam,700.00,0.00,0.00,1
BHN-40/37,Dark green/Piink,Bharathanattyam,650.00,0.00,0.00,1
BHN-40/36,Pista green Grape,Bharathanattyam,650.00,0.00,0.00,1
BHN-40/35,Pista green Grape,Bharathanattyam,650.00,0.00,0.00,1
BHN-40/34,Black/ Yellow,Bharathanattyam,600.00,0.00,0.00,1
BHN-40/33,Black/ Red,Bharathanattyam,600.00,0.00,0.00,1
BHN-40/32,Dark green/ Pink,Bharathanattyam,600.00,0.00,0.00,1
BHN-40/31,Violet/ Orange,Bharathanattyam,600.00,0.00,0.00,1
BHN-40/30,Blue/ Merroon,Bharathanattyam,600.00,0.00,0.00,1
BHN-40/29,Red/ Gold,Bharathanattyam,550.00,0.00,0.00,1
BHN-40/28,Kilipacha/ Pink,Bharathanattyam,500.00,0.00,0.00,1
BHN-40/26,Kilipacha/ Pink,Bharathanattyam,500.00,0.00,0.00,1
BHN-40/25,yellow/ Blue brocade,Bharathanattyam,500.00,0.00,0.00,1
BHN-40/24,yellow/ Blue brocade,Bharathanattyam,500.00,0.00,0.00,1
BHN-40/23,Orange/ Green,Bharathanattyam,500.00,0.00,0.00,1
BHN-40/22,Blue/Pink brocade,Bharathanattyam,500.00,0.00,0.00,1
BHN-40/21,Red/ Blue,Bharathanattyam,500.00,0.00,0.00,1
BHN-40/20,Red/ Blue,Bharathanattyam,500.00,0.00,0.00,1
BHN-40/19,Ink blue,Bharathanattyam,500.00,0.00,0.00,1
BHN-40/18,Dark green/ Majenta,Bharathanattyam,500.00,0.00,0.00,1
BHN-40/17,Light green/ Violet brocade,Bharathanattyam,450.00,0.00,0.00,1
BHN-40/16,Orange/ Majenta,Bharathanattyam,450.00,0.00,0.00,1
BHN-40/15,Orange/ Majenta,Bharathanattyam,450.00,0.00,0.00,1
BHN-40/14,Merroon/ Yellow,Bharathanattyam,450.00,0.00,0.00,1
BHN-40/13,Wine/Check,Bharathanattyam,400.00,0.00,0.00,1
BHN-40/10,Green/Gold,Bharathanattyam,450.00,0.00,0.00,1
BHN-40/9,Black/Pink,Bharathanattyam,450.00,0.00,0.00,1
BHN-40/6,Yellow check green,Bharathanattyam,400.00,0.00,0.00,1
BHN-40/5,Vadamallu/Light orange,Bharathanattyam,400.00,0.00,0.00,1
BHN-40/4,Orange/Peacock gress,Bharathanattyam,400.00,0.00,0.00,1
BHN-40/3,Peacock green/Orange brocade,Bharathanattyam,400.00,0.00,0.00,1
BHN-40/2,Violet gold sunfleet,Bharathanattyam,400.00,0.00,0.00,1
BHN-40/1,Pista gree/ dark pink,Bharathanattyam,400.00,0.00,0.00,1
BHN-38/62,Blue Majenta saree KH,Bharathanattyam,700.00,0.00,0.00,1
BHN-38/61,Voiolet check,Bharathanattyam,700.00,0.00,0.00,1
BHN-38/60,Yellow dot/ Green,Bharathanattyam,700.00,0.00,0.00,1
BHN-38/59,Kanakabaram/ Wine,Bharathanattyam,700.00,0.00,0.00,1
BHN-38/58,Kankambaram/ green,Bharathanattyam,700.00,0.00,0.00,1
BHN-38/57,Brown/ Surf blue,Bharathanattyam,650.00,0.00,0.00,1
BHN-38/56,Brown/ Surf blue,Bharathanattyam,650.00,0.00,0.00,1
BHN-38/55,Brown/ Surf blue,Bharathanattyam,650.00,0.00,0.00,1
BHN-38/54,Brown/ Surf blue,Bharathanattyam,650.00,0.00,0.00,1
BHN-38/53,Brown/ Surf blue,Bharathanattyam,650.00,0.00,0.00,1
BHN-38/52,Coffe brown/ Green saree,Bharathanattyam,650.00,0.00,0.00,1
BHN-38/50,Mehandi green/ Blue,Bharathanattyam,700.00,0.00,0.00,1
BHN-38/49,Black/ Pink,Bharathanattyam,700.00,0.00,0.00,1
BHN-38/48,Black/ Light green,Bharathanattyam,700.00,0.00,0.00,1
BHN-38/47,Dark red saree,Bharathanattyam,600.00,0.00,0.00,1
BHN-38/46,Onion colour/ Violet,Bharathanattyam,600.00,0.00,0.00,1
BHN-38/45,Black/ Red,Bharathanattyam,600.00,0.00,0.00,1
BHN-38/43,Bottle green/ Merron gold,Bharathanattyam,600.00,0.00,0.00,1
BHN-38/42,Kilipacha/ Pink,Bharathanattyam,550.00,0.00,0.00,1
BHN-38/41,Green/ Orange KH,Bharathanattyam,600.00,0.00,0.00,1
BHN-38/40,Brown/ Gold brocade,Bharathanattyam,600.00,0.00,0.00,1
BHN-38/39,Cotton Majenta/ Green,Bharathanattyam,600.00,0.00,0.00,1
BHN-38/38,Dark orange/ Merroon,Bharathanattyam,600.00,0.00,0.00,1
BHN-38/37,Dark Green/ Pink,Bharathanattyam,550.00,0.00,0.00,1
BHN-38/36,Dark green/ Pink,Bharathanattyam,550.00,0.00,0.00,1
BHN-38/35,Yellow/ Green red,Bharathanattyam,550.00,0.00,0.00,1
BHN-38/33,Violet/ Dark Orange,Bharathanattyam,600.00,0.00,0.00,1
BHN-38/32,Dark Green/ Pink,Bharathanattyam,500.00,0.00,0.00,1
BHN-38/31,Blue/ Majenta,Bharathanattyam,600.00,0.00,0.00,1
BHN-38/30,Blue/ Majenta,Bharathanattyam,600.00,0.00,0.00,1
BHN-38/29,Red/ green (Merroon),Bharathanattyam,600.00,0.00,0.00,1
BHN-38/28,Orange/ Yellow Blue,Bharathanattyam,500.00,0.00,0.00,1
BHN-38/27,Majenta/ Blue,Bharathanattyam,500.00,0.00,0.00,1
BHN-38/26,Kilipacaha/ Pink,Bharathanattyam,500.00,0.00,0.00,1
BHN-38/24,Yellow/ Blue Brocade,Bharathanattyam,550.00,0.00,0.00,1
BHN-38/23,Yellow/ Blue Brocade,Bharathanattyam,550.00,0.00,0.00,1
BHN-38/22,Militry Green/ Merroon,Bharathanattyam,500.00,0.00,0.00,1
BHN-38/21,Orange/ Green,Bharathanattyam,500.00,0.00,0.00,1
BHN-38/20,Red/ Blue,Bharathanattyam,500.00,0.00,0.00,1
BHN-38/19,Red/ Blue,Bharathanattyam,500.00,0.00,0.00,1
BHN-38/18,Vadamally/ Orange,Bharathanattyam,500.00,0.00,0.00,1
BHN-38/17,Kunguma Color/ Blue,Bharathanattyam,500.00,0.00,0.00,1
BHN-38/16,Orange/ Majenta,Bharathanattyam,450.00,0.00,0.00,1
BHN-38/15,Peacock Green,Bharathanattyam,500.00,0.00,0.00,1
BHN-38/13,Merroon,Bharathanattyam,500.00,0.00,0.00,1
BHN-38/12,Mehandi/ Pink,Bharathanattyam,500.00,0.00,0.00,1
BHN-38/11,Green/ Dark Orange,Bharathanattyam,500.00,0.00,0.00,1
BHN-38/10,Vadamally/ Yellow,Bharathanattyam,500.00,0.00,0.00,1
BHN-38/9,Peacock Blue/ Pink,Bharathanattyam,500.00,0.00,0.00,1
BHN-38/6,Blue/ Light Green,Bharathanattyam,500.00,0.00,0.00,1
BHN-38/5,Violet Pink/ Gold,Bharathanattyam,500.00,0.00,0.00,1
BHN-38/4,Red/ Gold,Bharathanattyam,500.00,0.00,0.00,1
BHN-38/3,Violet/ Gold,Bharathanattyam,400.00,0.00,0.00,1
BHN-38/2,Coffee Brown/ Orange,Bharathanattyam,400.00,0.00,0.00,1
BHN-38/1,Yellow/ Green Check,Bharathanattyam,400.00,0.00,0.00,1
BHN-37/4,Yellow/ Blue Brocade,Bharathanattyam,550.00,0.00,0.00,1
BHN-37/1,Blue/ Red,Bharathanattyam,700.00,0.00,0.00,1
BHN-36/53,Orange/ Red,Bharathanattyam,700.00,0.00,0.00,1
BHN-36/52,Red/ Green Brocade,Bharathanattyam,700.00,0.00,0.00,1
BHN-36/51,Purple/ Pink,Bharathanattyam,700.00,0.00,0.00,1
BHN-36/50,Black/ Pink,Bharathanattyam,700.00,0.00,0.00,1
BHN-36/49,Black/ Pink,Bharathanattyam,700.00,0.00,0.00,1
BHN-36/48,Yellow/ Multi,Bharathanattyam,700.00,0.00,0.00,1
BHN-36/47,Brown/ Pink,Bharathanattyam,700.00,0.00,0.00,1
BHN-36/46,Black/ Red,Bharathanattyam,700.00,0.00,0.00,1
BHN-36/45,Orange/ red,Bharathanattyam,650.00,0.00,0.00,1
BHN-36/44,Black/ Red,Bharathanattyam,650.00,0.00,0.00,1
BHN-36/43,Yellow/ Blue Brocade,Bharathanattyam,650.00,0.00,0.00,1
BHN-36/42,Dark Orange/ Green,Bharathanattyam,650.00,0.00,0.00,1
BHN-36/41,Dark Green/ Pink,Bharathanattyam,650.00,0.00,0.00,1
BHN-36/40,Dark Green/ Pink,Bharathanattyam,650.00,0.00,0.00,1
BHN-36/39,Red/ Green,Bharathanattyam,650.00,0.00,0.00,1
BHN-36/38,Vadamally/ Navy Blue,Bharathanattyam,650.00,0.00,0.00,1
BHN-36/37,Vadamally/ Navy Blue,Bharathanattyam,650.00,0.00,0.00,1
BHN-36/36,Violet/ Dark Orange,Bharathanattyam,650.00,0.00,0.00,1
BHN-36/35,Dark Green/ Pink,Bharathanattyam,650.00,0.00,0.00,1
BHN-36/33,Red/ Green,Bharathanattyam,600.00,0.00,0.00,1
BHN-36/32,Red/ Gold,Bharathanattyam,550.00,0.00,0.00,1
BHN-36/31,Navy Blue/ Green,Bharathanattyam,500.00,0.00,0.00,1
BHN-36/30,Peacock Green/ Blue,Bharathanattyam,500.00,0.00,0.00,1
BHN-36/29,Kilipacha/ Pink,Bharathanattyam,500.00,0.00,0.00,1
BHN-36/28,Kilipacha/ Pink,Bharathanattyam,500.00,0.00,0.00,1
BHN-36/27,Peacock Blue/ Vadamally,Bharathanattyam,500.00,0.00,0.00,1
BHN-36/26,Blue/ Pink,Bharathanattyam,500.00,0.00,0.00,1
BHN-36/25,Yellow/ Blue,Bharathanattyam,500.00,0.00,0.00,1
BHN-36/24,Red/Blue,Bharathanattyam,500.00,0.00,0.00,1
BHN-36/23,Red/Blue,Bharathanattyam,500.00,0.00,0.00,1
BHN-36/22,Red/ Orange,Bharathanattyam,550.00,0.00,0.00,1
BHN-36/21,Merroon/ Vadamally,Bharathanattyam,500.00,0.00,0.00,1
BHN-36/20,Vadamally,Bharathanattyam,500.00,0.00,0.00,1
BHN-36/19,Copper sulphate blue/ Pink,Bharathanattyam,500.00,0.00,0.00,1
BHN-36/18,Blue/ Merroon,Bharathanattyam,500.00,0.00,0.00,1
BHN-36/17,Blue/ Green,Bharathanattyam,500.00,0.00,0.00,1
BHN-36/15,Green/ Orange,Bharathanattyam,500.00,0.00,0.00,1
BHN-36/13,Orange/ Majenta,Bharathanattyam,500.00,0.00,0.00,1
BHN-36/12,Orange/ Majenta,Bharathanattyam,400.00,0.00,0.00,1
BHN-36/11,Red Saree,Bharathanattyam,400.00,0.00,0.00,1
BHN-36/10,Wine/ Mustard,Bharathanattyam,400.00,0.00,0.00,1
BHN-36/8,Cream/ red,Bharathanattyam,500.00,0.00,0.00,1
BHN-36/7,Green/ Mustard,Bharathanattyam,500.00,0.00,0.00,1
BHN-36/6,Cream/ red,Bharathanattyam,500.00,0.00,0.00,1
BHN-36/4,Peacock/ Orange,Bharathanattyam,450.00,0.00,0.00,1
BHN-36/3,Violet/ Pink,Bharathanattyam,450.00,0.00,0.00,1
BHN-36/2,Majenta/ Surf Blue,Bharathanattyam,400.00,0.00,0.00,1
BHN-36/1,Yellow/ Dark Green,Bharathanattyam,400.00,0.00,0.00,1
BHN-35/5,Yellow / Pink,Bharathanattyam,650.00,0.00,0.00,1
BHN-35/4,Mustard Yellow/ Violet,Bharathanattyam,650.00,0.00,0.00,1
BHN-35/3,Grape Wine/ Peacock Green,Bharathanattyam,600.00,0.00,0.00,1
BHN-35/2,Blue/ Dark Orange,Bharathanattyam,600.00,0.00,0.00,1
BHN-35/1,Yellow/ Blue,Bharathanattyam,500.00,0.00,0.00,1
BHN-34/33,Dark Pink/ Sky Blue(saree model),Bharathanattyam,650.00,0.00,0.00,1
BHN-34/32,Kilipacha/ Dark Blue,Bharathanattyam,650.00,0.00,0.00,1
BHN-34/31,Purple/ Dark Orange,Bharathanattyam,650.00,0.00,0.00,1
BHN-34/30,Mango Yellow/ Green,Bharathanattyam,650.00,0.00,0.00,1
BHN-34/29,Peacock Blue/ Majenta,Bharathanattyam,600.00,0.00,0.00,1
BHN-34/28,Black/ Red,Bharathanattyam,600.00,0.00,0.00,1
BHN-34/27,Green/ Yellow,Bharathanattyam,600.00,0.00,0.00,1
BHN-34/26,Red/ Parrot Green,Bharathanattyam,500.00,0.00,0.00,1
BHN-34/24,Dark Green/ Pink,Bharathanattyam,500.00,0.00,0.00,1
BHN-34/23,Yellow/ Blue,Bharathanattyam,500.00,0.00,0.00,1
BHN-34/21,Kilipacha/ Pink,Bharathanattyam,500.00,0.00,0.00,1
BHN-34/20,Kilipacha/ Pink,Bharathanattyam,500.00,0.00,0.00,1
BHN-34/19,Yellow / Blue,Bharathanattyam,500.00,0.00,0.00,1
BHN-34/18,Red/ Blue,Bharathanattyam,500.00,0.00,0.00,1
BHN-34/17,Dark Green/ Red,Bharathanattyam,500.00,0.00,0.00,1
BHN-34/16,Copper sulphate blue,Bharathanattyam,500.00,0.00,0.00,1
BHN-34/15,Orange/ Blue,Bharathanattyam,500.00,0.00,0.00,1
BHN-34/13,Blue/ Red,Bharathanattyam,500.00,0.00,0.00,1
BHN-34/12,Orange/ Majenta,Bharathanattyam,500.00,0.00,0.00,1
BHN-34/11,Violet/ vadamally,Bharathanattyam,500.00,0.00,0.00,1
BHN-34/9,Red,Bharathanattyam,500.00,0.00,0.00,1
BHN-34/8,Red/ Gold,Bharathanattyam,500.00,0.00,0.00,1
BHN-34/7,Peacock Green/ Vadamally,Bharathanattyam,500.00,0.00,0.00,1
BHN-34/6,Wine/ Pink,Bharathanattyam,450.00,0.00,0.00,1
BHN-34/5,Vadamally/Sky blue,Bharathanattyam,450.00,0.00,0.00,1
BHN-34/4,Pink/Violet,Bharathanattyam,450.00,0.00,0.00,1
BHN-34/3,Red/Kilipacha,Bharathanattyam,450.00,0.00,0.00,1
BHN-34/2,Yellow check/ Green,Bharathanattyam,450.00,0.00,0.00,1
BHN-34/1,Orange/Black,Bharathanattyam,450.00,0.00,0.00,1
BHN-32/26,Peach/Green,Bharathanattyam,1200.00,0.00,0.00,1
BHN-32/25,Pista Green/ Pink,Bharathanattyam,650.00,0.00,0.00,1
BHN-32/24,Mango Yellow/ Violet,Bharathanattyam,650.00,0.00,0.00,1
BHN-32/23,Dark Green/ Pink,Bharathanattyam,600.00,0.00,0.00,1
BHN-32/22,Vadamally/ Blue,Bharathanattyam,600.00,0.00,0.00,1
BHN-32/21,Black/ Red,Bharathanattyam,600.00,0.00,0.00,1
BHN-32/20,Red/ Parrot green,Bharathanattyam,550.00,0.00,0.00,1
BHN-32/19,Pista Green/ Pink,Bharathanattyam,550.00,0.00,0.00,1
BHN-32/18,Dark Green/ Pink,Bharathanattyam,500.00,0.00,0.00,1
BHN-32/16,Green/ Orange,Bharathanattyam,500.00,0.00,0.00,1
BHN-32/15,Kilipacha/ Pink,Bharathanattyam,500.00,0.00,0.00,1
BHN-32/14,Kilipacha/ Pink,Bharathanattyam,500.00,0.00,0.00,1
BHN-32/12,Pista Green/Blue,Bharathanattyam,450.00,0.00,0.00,1
BHN-32/11,Blue/ Red,Bharathanattyam,450.00,0.00,0.00,1
BHN-32/10,Orange / Majenta,Bharathanattyam,450.00,0.00,0.00,1
BHN-32/8,Coffee Brown/ Orange,Bharathanattyam,500.00,0.00,0.00,1
BHN-32/6,Pink/Orange,Bharathanattyam,500.00,0.00,0.00,1
BHN-32/5,Mango Yellow/ Violet,Bharathanattyam,500.00,0.00,0.00,1
BHN-32/4,Surf Blue/ Violet,Bharathanattyam,500.00,0.00,0.00,1
BHN-32/3,Blue/Pink,Bharathanattyam,500.00,0.00,0.00,1
BHN-32/2,Yellow/Dark Green,Bharathanattyam,500.00,0.00,0.00,1
BHN-32/1,Blue/Orange,Bharathanattyam,500.00,0.00,0.00,1
BHN-30/12,Red/Green,Bharathanattyam,500.00,0.00,0.00,1
BHN-30/11,Pista Green/Red,Bharathanattyam,500.00,0.00,0.00,1
BHN-30/10,Mango Yellow/Majenta Green,Bharathanattyam,500.00,0.00,0.00,1
BHN-30/9,Green/Marroon,Bharathanattyam,500.00,0.00,0.00,1
BHN-30/8,Green/Violet,Bharathanattyam,500.00,0.00,0.00,1
BHN-30/7,Light Blue/Purple,Bharathanattyam,500.00,0.00,0.00,1
BHN-30/5,Skyblue/Light Orange,Bharathanattyam,500.00,0.00,0.00,1
BHN-30/4,Orange/Black,Bharathanattyam,500.00,0.00,0.00,1
BHN-30/3,Vadamayy/ Green,Bharathanattyam,500.00,0.00,0.00,1
BHN-30/1,Coffee/Pink,Bharathanattyam,450.00,0.00,0.00,1
BHN-28/13,Kilipacha/Red,Bharathanattyam,500.00,0.00,0.00,1
BHN-28/12,Dark Orange/Light Orange,Bharathanattyam,500.00,0.00,0.00,1
BHN-28/11,Green/Orange,Bharathanattyam,500.00,0.00,0.00,1
BHN-28/10,Purple/Orange,Bharathanattyam,500.00,0.00,0.00,1
BHN-28/9,Red/Blue,Bharathanattyam,500.00,0.00,0.00,1
BHN-28/8,Orange/Majenta,Bharathanattyam,500.00,0.00,0.00,1
BHN-28/7,Orange/Majenta,Bharathanattyam,500.00,0.00,0.00,1
BHN-28/6,Green/Pink,Bharathanattyam,500.00,0.00,0.00,1
BHN-28/5,Blue/Red,Bharathanattyam,500.00,0.00,0.00,1
BHN-28/4,Blue/Light Green,Bharathanattyam,500.00,0.00,0.00,1
BHN-28/3,Blue/Yellow,Bharathanattyam,450.00,0.00,0.00,1
BHN-28/2,Dark Green/Golden yellow,Bharathanattyam,450.00,0.00,0.00,1
BHN-28/1,Coffe brown/Orange,Bharathanattyam,450.00,0.00,0.00,1
BHN-26/9,Green/Violet,Bharathanattyam,500.00,0.00,0.00,1
BHN-26/8,Vadamally/Orange,Bharathanattyam,500.00,0.00,0.00,1
BHN-26/7,Blue/Gold,Bharathanattyam,500.00,0.00,0.00,1
BHN-26/6,Red/Green,Bharathanattyam,500.00,0.00,0.00,1
BHN-26/5,Brown/yellow,Bharathanattyam,500.00,0.00,0.00,1
BHN-26/4,Orange/Vadamally,Bharathanattyam,500.00,0.00,0.00,1
BHN-26/3,Peacock Green/Dark Orange,Bharathanattyam,450.00,0.00,0.00,1
BHN-26/2,Skyblue/Red,Bharathanattyam,450.00,0.00,0.00,1
BHN-26/1,Violet/Dark Orange,Bharathanattyam,450.00,0.00,0.00,1
BHN-24/10,Blue/Kilipacha,Bharathanattyam,500.00,0.00,0.00,1
BHN-24/9,Violet/Kilipacha,Bharathanattyam,500.00,0.00,0.00,1
BHN-24/8,Blue/Dark Orange,Bharathanattyam,500.00,0.00,0.00,1
BHN-24/7,Green/Red,Bharathanattyam,500.00,0.00,0.00,1
BHN-24/6,Blue/red,Bharathanattyam,500.00,0.00,0.00,1
BHN-24/5,Green/Pink,Bharathanattyam,500.00,0.00,0.00,1
BHN-24/4,Orange/Brown,Bharathanattyam,500.00,0.00,0.00,1
BHN-24/3,Violet/ Orange,Bharathanattyam,500.00,0.00,0.00,1
BHN-24/2,Orange/Green,Bharathanattyam,450.00,0.00,0.00,1
BHN-24/1,Blue/Pink,Bharathanattyam,450.00,0.00,0.00,1
